name,label
ioflupane,1
sr4688,1
formocortal,1
talazoparib,0
schembl8478823,0
endomid,1
cladribine,1
mk0969,1
zinc274,1
propoxyphene,1
phenytoin,1
androsan,0
rifampinrifampicin,0
bentiromide,0
levonorgestrel,0
schembl6439453,1
denopaminumlatin,0
triclacetamol,1
smecloralurea,1
embutramide,1
tolonidine,1
fasudil,1
schembl6949318,1
zinc169293457,1
natamycin,0
chembl2139953,0
isovincamine,0
ft0770806,0
amedalin,1
hymecromone,0
sb271406,0
levopromazine,1
yg12bbcpd10,0
gaboxadol,1
zinc5062865,1
mitoxantrone,0
cbzepo,1
lofepramine,1
quetiapine,1
rtrimipramine,1
cloxazolam,1
zolazepam,1
valperinol,1
unii9zrt68876r,1
vesamicol,1
uniin1rx70k36ccomponentdrvzfwzgqkghqooyuwmtpxsan,1
xantocillin,0
thiabendazole,0
ncgc0001689701,0
odapipam,1
sotalol,1
prestwick07a03,0
zaltidine,1
schembl13579049,0
adenosinetriphosphate,0
levocabastine,1
bunitrolol,1
nanfluorooctyl2nitroimidazolefon,1
ampicillin,0
dantrolene,0
chlorazepate,1
nalmexone,1
cp102,0
tianeptine,1
alaproclate,1
acrivastine,0
tiotidine,0
perflubron,0
benzeneaceticacid413dihydro1oxo2hisoindol2ylaethyl,1
befloxatone,1
schlorphenesin,1
nanr7s3acetyloxymethyl732chlorophenyl5methyl12oxazole4carbonylamino8oxo5thia1azabicyclo420oct2ene2carboxylicacid,0
amoxicillin,0
progesterone,1
meprotixol,1
bithionol,0
norlevorphanol,1
iloprostphenacylester,0
lopach3146,1
nanacetamido2deoxyglucose,0
ergocalciferol,0
metiapine,1
paraldehyde,1
ncgc0001675801,1
hms3264h15,1
entacapone,1
uniiyv88341qw3,1
levomethadylacetate,1
proflazepam,1
amsacrine,0
edoxaban,0
dexmethylphenidate,1
fludiazepam,1
ks00000jxh,1
pergolide,1
chembl2024515,1
butylacetate,1
simvastatin,1
carperone,1
chembl266153,0
pentylenetetrazolemetrazole,1
chembl304504,0
vidarabine,1
pravastatin,0
olopatadine,0
methamphetamine,1
betamethasonedipropionate,1
carmantadine,1
valepotriate,1
primidone,1
setiptiline,1
beclomethasonedipropionatebeclometasonedipropionate,1
beclamide,1
novobiocinsodium,0
gefitinib,1
cevimeline,0
adicillin,0
hydroxychloroquine,0
ctk7j8195,0
ftorpropazine,1
nans4s5s6r11fluoro4hydroxymethyl10imino37dioxa19diazatricyclo640026dodeca811dien5ol,1
tepirindole,1
nanhxanthene9carboxamiden21methylethyl2htetrazol5yl,1
schembl27178,0
teicoplanin,0
brl52974,0
dimeprozan,1
rifamycin,0
oxetacillin,0
inaperisone,1
vancomycin,0
alclometasone,1
nans3s11bsbenzquinamide,1
metoserpate,1
tyropanoatesodium,0
rosuvastatin,0
calcipotriol,0
bendroflumethiazide,0
flumethasoneflumetasoneanddiflorasone,1
schembl11119364,1
temoporfin,0
amobarbital,1
slicarbizine,1
dimethindene,1
pecocycline,0
schembl9734362,1
rtemazepam,1
nandihydronaphthalen2ylmethylideneimidazolidine,1
ncgc0016067501,0
nanhpyrido34bindole,1
reboxetine,1
schembl3457748,1
levofacetoperane,1
oxazolam,1
ketoprofen,1
prednisolonesteaglate,1
lcycloserine,1
cefalotin,0
flucytosine,1
sunitinib,1
zinc2020042,0
bromperidoldecanoate,1
schembl8923875,0
prestwick0000159,0
zinc1846165,1
zinc302,1
prednisolonetebutate,1
alpha4pyridyl1oxidentertbutylnitrone,1
zinc1678256,1
decitabine,0
sch23390,1
cefuracetime,0
acetorphanracecadotrilandecadotril,1
megestrolacetate,0
uniii8ab3p944kcomponentxazvhbvujrrlhhnrsptqnisan,1
levophenacylmorphan,1
cyclopregnol,1
ticagrelor,0
metralindole,1
nanr4ar7r7ar12bs9acetyloxy3methyl244a77a13hexahydro1h412methanobenzofuro32eisoquinolin7ylacetate,1
nanmethylpropanol,1
nans72e22amino13thiazol4yl2methoxyiminoacetylamino3furan2carbonylsulfanylmethyl8oxo5thia1azabicyclo420oct2ene2carboxylicacid,0
chembl68441,1
methylprednisolonehemisuccinate,1
tramadol,1
nanphenylethylaminopropanenitrile,1
glisolamide,0
sns032,1
chembl4085956,1
zinc2572643,0
irie13b,1
ocaperidone,1
mitratapid,1
sibuprofen,1
sbisoprolol,1
zinc1849669,1
mometasone,1
ketorfanol,1
fluoromethalone,1
schembl5488979,1
propylthiouracil,0
clofluperol,1
meptazinol,1
bisphenola,1
trifluopromazine,1
dexamethasone21acetate,1
tiludronatedisodium,0
bromodiphenhydramine,1
propantheline,0
compoundd,1
clevudine,0
fc1ccccc1ccccn1ccccc1c1ccccc1cloo,1
zinc5116499,1
cinalukast,0
nanepimetacycline,0
sethotoin,1
vindesine,0
cetirizine,0
cycloleucine,1
mupirocin,0
fluvastatinsodiumantiisomerfreeacid,1
chembl2218915,1
nanchloro4methyl14dihydroquinazolin2amine,1
mchrantagonist2,1
levofloxacin,1
homatropinemethylbromide,0
nans9s11s14s17s11hydroxy172hydroxyacetyl1013dimethyl126789111214151617dodecahydrocyclopentaaphenanthren3one,0
diclofensine,1
triaconazole,0
fluconazole,1
pentosanpolysulfate,0
vinblastine,1
nans5oxon1s2s2phenylcyclopropylpyrrolidine2carboxamide,1
gr89696pr,1
schembl6556766,1
sb201708,1
dinazafone,1
tetracycline,0
schembl24949,1
taclamineinn,1
pioglitazone,0
fasiplon,1
corticosterone,0
trichloromethanechloroform,1
saminoglutethimide,1
clofenciclan,1
minoxidil,0
carteolol,1
myrophine,1
vardenafil,0
cimemoxin,1
zinc40163149,1
pizotifen,1
flunisolideacetate,1
perindoprilat,0
b096,1
nanchlorophenylpiperazine,1
dehydrocholic,0
schembl18285121,0
schembl12831358,1
topiramate,1
fostamatinib,0
fluprednisolone,1
nanstifluadom,1
octane,1
carfimate,1
apomorphine,1
vigabatrin,1
mcule1097746976,1
nansn26dichlorophenyl25dihydro1himidazol2amine,1
alprazolam,1
odapipamacetate,1
cyproheptadine,1
dichlorphenamide,0
meclonazepam,1
flomoxef,0
glipizide,0
fluvoxamine,1
nans2aminomethylnndiethyl1phenylcyclopropane1carboxamide,1
befunolol,0
chembl225032,1
etazepine,1
divinylether,1
pentobarbital,1
dalfopristin,0
levometiomeprazine,1
moxonidine,1
piflutixol,1
alphatocopherol,1
rprofenamine,1
aminophylline,0
cyclohexane,1
propyphenazone,0
midodrine,0
zinc1481917,1
naloxone,1
atevirdine,1
zonisamide,1
slorazepam,1
unii3w58itx06qcomponentkgkjzekqjqqotdssdottswsan,1
epicillin,0
thiopropazate,1
zinc4212927,1
schembl6567051,0
diclazuril,0
pindolol,1
zanamivir,0
schembl1554894,1
umespirone,1
zinc100298066,1
cefacetrile,0
sorbinil,0
sertraline,1
urethane,1
fenbutrazate,1
water,1
fenfluramine,1
lymecyclineantibioticforculturemediauseonly,0
pralidoxime,1
nandihydroxycholan24oicacid,0
flumethazonepivalate,1
tiletamine,1
selexipag,0
sarpicillin,0
aminosalicylicacid,0
zinc3203071,1
ropinirole,1
dimemorfaninn,1
argatroban,0
compound34,0
fenimide,1
perindopril,0
dimetacrine,1
oxazepam,1
monoctanoin,0
zinc1109,1
propoxate,1
cefrotil,0
renanolone,1
nanacetyloxymethyl42amino36dihydropurin9ylbutylacetate,1
monohydroxyl663581metabolite,0
phenoxypropazine,1
metaraminol,0
betastreptozocin,0
hydroxycarbamide,1
fluoromar,1
promoxolane,1
hydrocortisone,0
nansbutan2yl44444s224dichlorophenyl2124triazol1ylmethyl13dioxolan4ylmethoxyphenylpiperazin1ylphenyl124triazol3one,0
pemoline,1
elliptiniumacetate,0
cyclindoleciclindole,1
roxybutynin,1
methylprednisolone21hemisuccinatemethylprednisolonehemisuccinate,1
imatinib,0
nylidrin,0
mebendazole,0
zinc263584296,1
thialbarbital,1
kanamycinb,0
schembl9192185,1
mesoethambutol,1
mls006011558,1
nanas4s6as2oxo133a466ahexahydrothieno34dimidazol4ylpentanoicacid,1
alphaxalone,1
schembl6228490,1
rznmethoxyquinuclidine3carbimidoylcyanide,1
xylene,1
nans7s72z22amino13thiazol4yl2methoxyiminoacetylamino3e24methyl13thiazol5ylethenyl8oxo5thia1azabicyclo420oct2ene2carboxylicacid,0
itrocinonide,1
clonixin,0
unii37z869546b,1
ractranslafutidine,0
dichlorisoneacetate,1
venlafaxine,1
schembl17756664,1
chembl71237,0
unii38m8s7hxew,1
dibenzepin,1
ethylbenzene,1
oxolinic,0
camazepam,1
butyl4aminobenzoatebutamben,1
mmv001493,1
sultopride,1
zinc58482484,1
loteprednol,1
rlorazepam,1
zinc2015879,1
ceftazidime,1
vinylbital,1
midaflur,1
uniiq1069wkm8gcomponentlzkanmyvpjzlewfonmrsagsan,1
valinomycin,0
cefetametacid,0
calcidiol,0
paramethasone,1
nifekalant,0
nans72e22amino13thiazol4yl2methoxyiminoacetylamino8oxo5thia1azabicyclo420oct2ene2carboxylicacid,0
lomustine,1
diltiazem,1
tiprdcka,1
zinc255974135,1
iloperidone,1
benzylpenicillin,0
mescaline,1
tacrinecognex,1
schembl417203,0
diprenorphine,1
phenomorphan,1
zinc40135788,1
mesocarb,1
zinc100037462,0
sb204484,1
medroxyprogesterone,0
nanpyrimidinylpiperazine,1
schembl2473545,1
clevidipine,0
chembl142149,1
uniixm8p5rbs8n,1
treprostinil,0
penicillamine,0
norgestimate,0
ceftizoxime,0
imipraminoxide,1
metitepinemethiothepin,1
oxytetracyclinedihydrate,0
clobetasonebutyrate,1
hydrocortisonebuteprate,1
schembl3118501,1
granisetron,1
zinc4534031,0
cas36791045,1
amiodarone,0
tertbutylmethylether,1
roscovitine,1
schembl5869149,1
n3hydroxy53methyl2methyl2propan2yl4thiazolylmethylaminooxomethylamino1oxobutylamino16diphenylhexan2ylcarbamicacid5thiazolylmethylester,1
chlorphenesin,1
sematilide,0
schembl2465734,1
nans72e22amino13thiazol4yl2methoxyiminoacetylamino32methyl56dioxo1h124triazin3ylsulfanylmethyl8oxo5thia1azabicyclo420oct2ene2carboxylicacid,1
brosuximide,1
uridine52bromoethenyl,0
levoxadrol,1
vinyltrichloride,1
thozalinonetozalinone,1
algestone,1
mesulergine,1
rnomifensine,1
milameline,1
pheniramine,0
ziprasidone,1
schembl17256233,1
zinc11616774,0
fluoromisonidazole,1
nans3carbamoyloxymethyl72e2furan2yl2methoxyiminoacetylamino8oxo5thia1azabicyclo420oct2ene2carboxylicacid,1
tripropylphosphine,1
nanallyl1methyl51methylpentylbarbituricacid,1
bromfenac,0
phenolphthalein,0
demeclocycline,0
clorotepine,1
nantrimethylbenzene,1
zinc8035456,0
metoprine,1
zinc100025275,0
nanepiminocycline,1
nsc289336,1
indapamide,0
morpholine3methyl2phenyl2r3s,1
isopropicillin,0
besonprodil,1
rasagiline,1
clidafidine,1
astromicin,0
remacemide,1
clenbuterol,0
hydrochlorothiazide,0
penimocycline,0
salfetamine,1
auxeomycin,0
naniiodanylthiophen2yl4oxobutyl3methyl1phenyl138triazaspiro45decan4one,1
atromepine,1
chembl243790,1
scopolamidescopolamine,1
nanethylcrotonoylurea,1
nanhexadecanol,0
zinc1693020,1
pinoxepin,1
penicilling,0
schembl43268,1
vancomycinhydrochloride,0
zinc6021047,1
prulifloxacin,0
sanfetrinem,0
nor1chlorpromazine,1
testolactone,0
nicergoline,1
nans8s6tertbutyl3azapentacyclo1181038092201621docosa9111322161820hexaen6ol,1
oxiracetam,1
dexpanthenol,0
gr94839a,0
zinc190,1
diacetylthiamine,1
zinc31477144,1
meprobamate,1
sbunitrolol,1
nanmethyldihydromorphinone,1
medorubicin,0
nanphenylbutyricacid,0
sitagliptin,0
plerixafor,0
niaprazine,1
nanmethylethylcyclohexylcarbonylamino3phenylpropanoicacid,0
practolol,1
schembl15159761,1
uniiz141n352wy,1
nanthienyl2alphamethylcyclohexan1betaylpiperidine,1
cyclosporinea,1
telmisartan,0
alovudine,1
smethocarbamol,1
cistranstrans124trimethylcyclohexane,1
,1
benserazide,0
diphenhydramine,1
ftormetazine,1
chembl1185227,1
dextromethorphan,1
methamphetaminepervertin,1
butobarbitone,1
fengabine,1
epitetracycline,0
berupipam,1
schembl9489255,0
chembl534947,1
nandrobolic,0
nans2s9s441111tetramethyl3571012pentaoxatricyclo730026dodecan6ylmethylsulfamate,1
nanr126dimethylphenoxypropan2amine,1
lopacr0758,1
chembl285367,1
amlodipinebesylate,0
schembl1643537,1
chembl71323,1
sb205563,0
nanthia1azabicyclo320heptane2carboxylicacid62amino214cyclohexadien1ylacetamido33dimethyl7oxod,0
valproicacid,1
nanaminopiperidin1yl7but2yn1yl3methyl14methylquinazolin2ylmethyl1hpurine263h7hdione,0
acetyloxyvalepotriate,1
fluperoloneacetate,1
nintedanib,0
triclonide,1
chlorprothixene,1
nanamphetaminoethyltheophyllinefenetylline,1
paramethadione,1
trifluomeprazine,1
benzoylperoxide,0
fludara,0
xylometazoline,0
nanr4as10as3diethylsulfamoylamino6hydroxy1propyl344a51010ahexahydro2hbenzogquinoline,1
etoricoxib,0
rimexolone,1
anthralin,0
halothane,1
cyclopropanetrimethylene,1
pirazolac,0
phenyl4aminosalicylate,0
fenozolone,1
flutomidate,1
nanethyl5isopentyl56dihydropyrimidine241h3hdione,1
phenacemide,1
ranitidine,0
clomethiazole,1
mezlocillin,0
schembl6867748,1
theobromine,1
sermion,1
bemegride,1
daledalin,1
chembl351286,1
methyldihydromorphine,1
piperacillin,1
eprosartan,0
b106org30526,1
thiacetazone,0
bremelanotide,0
isoprednidene,1
cefprozil,0
smetoprolol,1
zinc452,1
dlmorphan,1
pipacycline,0
sumatriptan,1
nandrolone,0
erythromycinethylsuccinate,0
procymate,1
alfuzosin,0
chembl56653,1
nuclotixene,1
zinc256169910,1
timirdine,1
dichlormezanone,1
tropicamide,0
naniodoalphaalphadipiperidinomxylene,1
unii8xqb4do2w9,1
morphinan3ol172phenylethyl,1
sulfadoxine,0
alfadolonuminnlatin,1
thiazesimtiazesim,1
unii5z48onn38pcomponentqhzqilhujdrdaiywzlykjasan,1
rolziracetam,1
norelgestromin,0
valganciclovirs,1
zinc2019917,1
ributilide,1
temelastine,0
l005144,1
piperilate,1
dicethiamine,1
mazipredone,1
saclofen,1
medetomidine,1
ft0696623,1
fluocortin,1
nicorandil,0
nans13s11013trimethyl10azatricyclo731027trideca2735trien4ol,1
sultamicillin,0
prednisolone,1
nandiethyl36ar9s7methyl466a7891010aoctahydroindolo43fgquinolin9ylurea,1
ft0675704,0
methylcyclopentane,1
icometasoneenbutate,1
cortisoneacetate,1
opipramol,1
zinc1566349,0
ft0661485,1
glycopyrrolate,0
ipsapirone,1
uniioe8026nxvx,1
glutamicacid,0
fluticasonepropionate,1
zinc100036716,1
fluticasone,1
dibucaine,0
gloximonam,0
aspoxicillin,0
cefmenoxime,0
valdipromide,1
nanophosphonopentofuranosyl9hpurin6amine,0
pirbuterol,0
theophylline,1
chembl118865,1
nanepiampicillin,0
romifidine,1
bbcpd18ranitidineanalog,1
zinc66348754,1
isopentylacetate,1
mw015188wh,1
fenoldopam,0
thiphencillin,0
chembl193400,1
avizafone,1
perphenazine,1
nandimethyl57dihydro4hpurine26dione,1
dexamethasoneacetate,1
schembl4916174,1
ethanol,1
framycetin,0
benzaprinoxide,1
prednisolone21acetate,1
zinc31623378,1
descinolonedescinoloneacetonide,1
zinc31544969,1
methylergonovine,0
pargyline,1
ranisopirol,1
zinc26376398,1
srnoscapine,1
eticyclidine,1
zinc3871892,0
furbucillin,0
fletazepam,1
lometraline,1
pirmenol,0
propizepine,1
piretanide,1
unii67x231s15e,1
unii19vo3dpf3g,1
secobarbital,1
nansulfamoylbenzoicacid,1
unii6mdc25lqsrcomponentwtbqlhrvrkxspxqwrguyrksan,1
prednisone,1
lupitidine,0
cyclopentolate,0
bentiamine,1
zinc1633927,1
pentagastrin,0
dexindoprofen,1
rilmazafone,1
schembl12000782,0
diphoxazide,1
clioquinol,0
apicycline,0
tetrantoin,1
zinc1678603,1
carbamazepine910epoxide,1
methanol,1
mometasonemometasonefuroate,1
chembl71005,0
acetaminosalol,1
morniflumate,0
ramciclane,1
carbenicillin,1
cephalexin,0
galanthamine,1
carbimazole,0
carbamazepine,1
baclofen,0
nanafluoroestradiol,1
aripiprazoleabilify,1
sulindac,1
pipradrol,1
brosotamide,1
brequinar,0
zinc3830519,1
nonapyrimine,1
ketorolac,0
ao33,1
kcl440,1
compound13,1
benzobarbital,1
compound38,1
zinc582,1
pyrazinamide,1
unii0xq5nt70et,0
smethylisothiourea,1
chembl1622855,0
pipecuronium,0
scetirizine,0
chembl371222,1
naflocort,1
clofibricacid,0
premazepam,1
ldideoxyinosine,0
nanr9r10r11s13r14r17s11hydroxy1013dimethyl3oxo172propanoyloxyacetyl267891112141516decahydro1hcyclopentaaphenanthren17ylbutanoate,1
gnfpf2303,1
cloxypendyl,1
cycloguanil,0
nanchlorophenylpyridin2ylmethoxypiperidin1ylbutanoicacid,0
bisacodyl,0
zinc17128047,1
schembl9044848,1
candesartancilexetil,0
sedecamycin,0
nans9s5bromo711diazatricyclo731027trideca24dien6one,1
moxalactamlatamoxef,0
etacrynicacid,0
schembl683273,0
meclorisonemeclorisonedibutyrate,1
cefoperazone,0
detorubicin,0
valinegramicidina,0
ramipril,0
pinaverium,0
piritramide,1
felbinac,0
misoprostol,1
zimeldine,1
nans11r12e17e19z21s21hydroxy1119dimethyl10propan2yl926dioxa31528triazatricyclo2321037octacosa12761217192528hexaene281423tetrone,0
morphinan6ol45epoxy3methoxy17methyl3pyridinecarboxylateester5alpha6alpha,1
tetracyclinehydrochloride,0
azacytidine5,0
methohexital,1
paliperidone,1
teniloxazine,1
bupropion,1
eberconazole,0
rodorubicin,0
tomoxetine,1
grepafloxacin,0
piperidinederivatives2,1
quinupramine,1
ivermectin1a,1
methylprednisolone,1
unii1287u42u7j,1
ilepcimide,1
propan2oneacetone,1
pentyl134dihydroxy5methyloxolan2yl5fluoro2oxopyrimidin4ylaminoformate,0
mikamycinpristinamycinia,0
sucrose,0
zinc19848892,1
nananhydrous,0
pyridostigminebromide,0
drotebanol,1
biotin,1
caproxamine,1
nandichlorophenoxyaceticacid,1
floctafenine,0
feprazone,1
amperozide,1
srolipram,1
thiamphenicol,1
gatifloxacin,0
chembl1742950,0
chebi38562,0
schembl4414781,1
chembl1243269,1
quinethazone,0
setazepine,1
prifinium,0
terbinafine,1
compound14b,1
nefazodone,1
procaine,1
abecarnil,1
methysergide,1
duoperone,1
zinc2015281,0
hexobarbital,1
oxisopred,1
chembl3560261,0
dan523methicillin2diethylaminoethylester,0
tetrabenzine,1
schembl448850,1
schembl10363005,0
yg19,0
strihexyphenidyl,1
tegafur,0
flumazenil,1
barbital,1
zinc2009531,0
ivacaftor,0
beloxepin,1
cafedrine,1
diclofenac,0
leflornithine,1
perimetazine,1
teichomycin,0
nans224dichlorophenyl2124triazol1ylmethyl13dioxolan4ylmethoxyphenyl4propan2ylpiperazine,0
hydrocodone,1
dtxsid90937058,1
zinc5934813,1
n3dimethylaminopropylnethylcarbamoyl7prop2enyl66a891010ahexahydro4hindolo43fgquinoline9carboxamide,1
nans9r10s11r13s14s16r17s9fluoro11hydroxy172hydroxyacetyl101316trimethyl78111214151617octahydro6hcyclopentaaphenanthren3one,1
triamcinolonediacetate,1
zinc1481742,1
nanchloro4propylbenzene,0
ticabesone,1
nans4as8asntertbutyl22s3s2hydroxy33hydroxy2methylbenzoylamino4phenylsulfanylbutyl344a56788aoctahydro1hisoquinoline3carboxamide,0
zinc27638664,1
spiroxepin,1
acetorphine,1
bekanamycin,0
pheniprazine,1
schembl10033978,0
pyridoxal,0
nicopholine,1
pentolinium,0
nanpropyl5ethylbarbituricacid5ethyl5propyl13diazinane246trione,1
zinc31475748,1
nandimethyl4232methylpropan2yloxy3oxoprop1enylphenyl14dihydropyridine35dicarboxylicaciddiethylester,0
delorazepam,1
penamecillin,0
nandioxopregna46dien17ylacetate,0
cefixime,0
chembl33994,0
zinc11726762,0
nans3s5s8r9s10s13s14s16s17r3hydroxy1013dimethyl2morpholin4yl161prop2enylpyrrolidin1ium1yl23456789111214151617tetradecahydro1hcyclopentaaphenanthren17ylacetate,0
zinc375,1
butikacin,0
sulfamethoxypyridazine,1
neomycin,0
chembl3264225,1
chembl71759,0
nanhydroxydextroamphetamine,0
dextromoramide,1
mecloxamine,0
acetylcysteine,0
darifenacin,1
dezinamide,1
ft0697029,1
homatropine,0
dacemazine,1
proxibarbal,1
cefalexin,0
aceprometazine,1
chembl68870,1
jnj2408068,1
calcitriol,0
nandiazaspiro55undecan3ylbenzonitrile,0
mirfentanil,1
alfaxalonerenanolone,1
novobiocin,0
acetyldigitoxin,0
thioperamide,1
tybamate,1
phenindamine,1
fluciprazine,1
indolebasedmchr1antagonist7a,1
biddgt0539,0
etymemazine,1
nanr3s4s5r6r2aminomethyl61r2r3s4r6s46diamino32s3r4s5s6r4amino35dihydroxy6hydroxymethyloxan2yloxy2hydroxycyclohexyloxyoxane345triol,0
iproniazid,1
daraboflavin,1
benzindopyrinehydrochloride,1
rpraziquantel,1
fluocortolonecaproate,1
dactinomycin,0
disodium6r7s742amino1carboxylato2oxoethylidene13dithietane2carbonylamino7methoxy31methyltetrazol5ylsulfanylmethyl8oxo5thia1azabicyclo420oct2ene2carboxylate,0
sitaxentan,0
atolide,1
pinazepam,1
ritonavir,0
diflorasone,1
lacidipine,1
taurolidine,0
sch31353,1
zaleplon,1
dexrazoxane,0
compounds16d,1
methapyrilene,1
schembl1704876,0
uniiw133552kfe,1
nanr7s3acetyloxymethyl72s2amino2phenylacetylamino8oxo5thia1azabicyclo420oct2ene2carboxylicacid,0
atovaquone,0
nandemethoxyadriamycinhcl,0
dcamphor,1
schembl5783301,1
chembl1372985,1
propene,1
levmetamfetamine,1
renflurane,1
lorazepam,1
alphamethadol,1
loracarbef,0
unii8poy3umu73,1
lamphetamine,1
protokylolhydrochloride,0
thozalinone,1
cefazedone,0
amrinone,0
simvastatinacid,1
amodiaquine,0
sibopirdine,1
ribuprofen,1
schembl13875663,1
zinc5354935,1
harmalol,1
zinc136,1
eserine,1
ns1738,1
chembl243999,1
lucanthone,0
mecloqualone,1
zinc26892706,1
anastrozole,0
ncgc0018310101,1
methacholine,0
amfetamine,0
samixetrine,1
sufentanil,1
orphenadrine,1
zinc8101062,1
snorfenefrine,0
r5256diethyl23dihydro1hinden2ylamino1hydroxyethyl8hydroxyquinolin21hone,0
nanethyl52rpentan2yl2thioxodihydropyrimidine461h5hdione,1
chembl136942,1
moclobemide,1
mls006011456,0
tracazolate,1
schembl20904174,1
nanmethyl5ethylbarbituricacidnsc30403,1
gepirone,1
dioxamate,1
nana8trimethyl1233a88ahexahydropyrrolo23bindol5ylmethylcarbamate,1
fursutiamine,1
tertamylmethylether,1
dimethazan,1
racemethorphan,1
gadobenatedimeglumine,0
dofetilide,0
glibenclamide,1
hydroxindasol,1
motrazepam,1
bromazepam,1
imipenem,0
demexiptiline,1
chlordiazepoxide,1
benfotiamine,1
mepyramine,1
ladenosine,1
isoflurane,1
dehydroevodiamine,1
desciclovir,1
mestranol,0
cefazaflur,0
oxymetazoline,0
uniit8y60nc0y2,1
akos026749852,1
nanrn26dichlorophenyl25dihydro1himidazol2amine,1
cistilidine,1
befuraline,1
benzylalcohol,1
febarbamate,1
sisomicin,0
compound5d,1
uk240455,0
schembl27910,0
proglumide,0
tropisetron,1
metoclopramide,1
cnsooccc1cc2ccnc2cc1c1ccncc1c,1
suriclone,1
lofexidine,1
roxatidineacetate,0
doxazosinmesylate,0
uniid9741c38xi,0
ciclopramine,1
compound37,1
gemazocine,1
dienestrol,0
spiramycin,0
unii8g09z6af2tcomponentnegmmkyavynlcggfccvegcsan,1
clorethate,1
intriptyline,1
methylaminolevulinate,0
trilostaneusanbaninnjan,0
zinc4213170,1
eprobemide,1
ecenofloxacin,0
modrastane,0
uniiafh280ecx3,1
clinofibrate,0
azepindole,1
relpentazocine,1
flesinoxan,1
mesalamine,0
cefonicid,0
zinc3604292,1
cephalosporinc,0
acn036954,1
tebipenem,0
schembl10760133,0
ipriflavone,0
pfizercompound14,1
sflecainide,1
zinc9302321,0
schembl20840151,0
beclomethasonebeclometasone,1
toprilidine,1
streptomycina,0
adriamycinolaglycone,0
emepronium,0
schembl499258,1
flutizenol,1
alimemazine,1
schembl6947600,1
felbamate,1
clomiphene,0
nanar9r10ar9dimethylsulfamoylamino47dimethyl66a891010ahexahydroindolo43fgquinoline,1
triamterene,0
edrophoniumchloride,0
gevotroline,1
pbromospiperone,1
tetrabenazinetetrabenzine,1
schembl6695569,1
schembl2108102,1
enilospirone,1
nanchloro2furan2ylmethylamino6sulfamoylbenzoicacid,1
r82913,1
nicotinylalcohol,0
morpholine3methyl2phenyl2s3r,1
alphaprodine,1
nans4as7s7as12br9methoxy3methyl244a77a13hexahydro1h412methanobenzofuro32eisoquinolin7ol,1
pethidine,1
guanidinothiazolanalogue17ac1lbibipubmed,0
milenperone,1
nanhydroxyrisperidone,1
zileuton,0
oxandrolone,0
nandipropan2yloxypropan2yloxymethyl36dihydropurin2amine,1
piroximone,1
setodolac,0
schembl614298,0
schembl13091350,1
cimetidine,0
oxaflozane,1
w3746,1
cefsulodin,0
cortivazol,1
cebaracetam,1
nicotinoylcyclandelate,0
zinc311,1
y15,1
ambroxol,0
chembl357268,1
enprofylline,0
milrinone,0
apropovir,0
glycine,1
gammahydroxybutyricacid,1
cloticasonepropionate,1
rnicardipine,0
cephalotin,0
schembl4811952,0
fluoresone,1
tz17,0
edaravone,1
chembl1927026,1
orbinamon,1
metapramine,1
unii4rh62fxm4m,1
crizotinib,0
nsc382927,1
desfluranesuprane,1
meclizine,1
nalmefene,1
dicyclomine,0
nanamino12r5r5hydroxymethyl25dihydrofuran2yl5methylpyrimidin2one,1
selinexor,0
salicylicacid2hydroxybenzoicacid,0
propacetamol,1
ensaculin,1
propiomazine,1
d2galactosamine,0
pk11195,1
gemfibrozil,0
flurandrenolide,1
tigabine,1
zinc1999415,1
isoflupredoneacetate,1
dazepinil,1
nanpmethylphenyl6methylimidazo12apyridine31dipropylaminoacetaldehyde,1
nanisobutyl44iodophenylpiperazine,1
zinc5320256,1
etacepride,1
schembl1232177,1
jnj5207787,1
zolmitriptan,0
grepafloxacins,0
schembl3121372,1
zanapezil,1
dlthyroxine,0
zafuleptine,1
rthalidomide,1
nanfluorotranylcypromine,1
tralonide,1
chembl319301,1
labetalol,0
rmeprotixol,1
fenmetozole,1
fenbenicillin,0
panamesine,1
akos015896102,0
thalidomide,1
dladrenaline,0
sofosbuvir,0
azithromycindihydrate,0
schembl4854536,0
rpentobarbital,1
trazodone,1
nans5s6s33dimethyl7oxo62r2phenoxybutanoylamino4thia1azabicyclo320heptane2carboxylicacid,0
saprisartan,0
ks00001f6r,0
compound5,0
zinc3977873,0
gedocarnil,1
carvotroline,1
methopromazine,1
chembl148058,1
pyrene,1
methylpentynol,1
stl504716,1
schembl3894722,0
schlormezanone,1
hetacillin,0
mebutamate,1
zinc1605334,1
minaxolone,1
rcitalopram,1
brompheniramine,1
pphenylbenzoicacid,0
dibenzoylthiamine,1
schembl2006478,0
cocaine,1
talopram,1
dorzolamide,0
lidamidine,0
oseltamivir,1
thiamylal,1
cloticasone,1
mechlorethamine,0
trefentanil,1
zinc11592802,1
carbocloral,1
rivastigmine,1
gr89696et,1
trimetozine,1
diphenylpyraline,1
schembl34286,0
pinacidil,0
carubicin,0
trichloroethene,1
ciprofibrate,0
propan1ol,1
etodroxizine,1
ethambutol,0
nans22s222s22s2amino34hydroxyphenylpropanoylaminopropanoylaminoacetylamino3phenylpropanoylamino3methylbutanamide,0
ameltolide,1
pfizercompound6,1
locacorten,1
meticillintameticillin,0
flavopiridol,1
morsuximide,1
nicocortonide,1
methyldesorphine,1
gr94839l,0
methadone,1
fr260010,1
lisdexamfetamine,1
halopredone,1
benactyzine,1
antrafenine,0
flupirtine,1
nemonapride,1
betalxyloc,1
butamoxane,1
ft0668653,0
amcinafal,1
estramustine,0
zinc2031526,1
sadrenaline,0
marimastat,0
flutazolam,1
nanbenzodioxol5yloxymethyl44fluorophenylpiperidine,1
bbcpd19ranitidineanalog,1
entecavir,0
schembl6584053,1
armodafinil,1
chembl252103,1
olsalazinesodium,0
telmesteine,0
retinolpalmitate,0
cefdinir,0
dothiepin,1
eqvalanivermectinii,0
betamethasoneacetatedexamethasoneacetate,1
snoradrenaline,0
oximonam,0
nanr9s10r17cyclopropylmethyl3hydroxy17azatetracyclo7530110027heptadeca2735trien13one,1
ceftizoximealapivoxil,0
enpiprazole,1
nans72e22amino13thiazol4yl2methoxyiminoacetylamino31methyltetrazol5ylsulfanylmethyl8oxo5thia1azabicyclo420oct2ene2carboxylicacid,0
va10527,0
zinc4689,1
schembl144284,1
cefminox,0
uniidfc57v76oc,1
cas58855,1
suplatast,0
aminocaproicacid,0
fluorometholoneacetate,1
schembl3961263,1
zinc2020075,1
sflurocarazolol,1
piriqualone,1
nanr7r3acetyloxymethyl72r2amino2phenylacetylamino8oxo5thia1azabicyclo420oct2ene2carboxylicacid,0
ac1mmxuk,0
viloxazine,1
iso046,0
chembl1935441,1
schembl6230996,1
tubocurarine,0
unii8pdi6dy6gvcomponentjejofytvmfvkqacqszacivsan,1
rrivastigmine,1
rdiethylpropion,1
uniiu49lid4uyjcomponentokackalpxhbemaxamccfcmsan,1
schembl6554914,1
kanamycin,0
nandifluorophenyl13bis13dihydro124triazol2ylpropan2ol,1
sulbenicillin,0
doxercalciferol,0
sbicalutamide,1
caffeine,1
chembl244206,1
amiloride,0
trimipramine,1
thiamphenicolracefenicol,1
sertaconazole,0
chembl12628,1
nanr7r72s2hydroxy2phenylacetylamino35methyl134thiadiazol2ylsulfanylmethyl8oxo5thia1azabicyclo420oct2ene2carboxylicacid,0
nanohrisperidone,1
schembl2109497,0
chembl71421,0
moexipril,0
pfizercompound18,1
hms3373j14,0
upcmlddp067,1
cianopramine,1
schembl6253205,1
loperamide,1
acemetacin,0
chlorpheniramine,1
cefodizime,0
proxorphan,1
nanethyl5pentylbarbituricacid,1
arecoline,1
cotinine,1
papaverine,0
chloramphenicol,0
codeinedihydro,1
nafcillinsodium,0
diacerein,0
meloxicam,0
lomefloxacin,0
ergotamine,0
repaglinide,0
chembl2367803,1
schembl3670439,0
cyprolidol,1
oxomemazine,1
josamycin,0
lopacb019,0
formoterol,0
aptazapinemaleate,1
imipramine,1
nanr6r7r7ar4acetyloxymethyl13methylbutanoyloxyspiro67adihydro1hcyclopentacpyran72oxirane6yl3methylbutanoate,1
ethomoxane,1
hydrocortisonecypionatehydrocortisonecipionate,1
menadione,0
zinc118934164,1
chembl1190347,1
tramiprosatealzhemed,1
unii963e1x3t2s,1
salmeterol,0
ctk8a5118,0
raminopromazine,1
nandihydroxybenzoicacid,1
oxacillin,1
asimadoline,1
bischloroethylnitrosoureacarmustinebcnu,1
omadacycline,0
schembl20815730,0
zinc29747105,0
nanpropynyluridine,0
mls002702983,0
girisopam,1
nandeoxyadriamycin,0
nicotinamide,1
aminopromazine,1
quipazine,1
zinc2053,1
ritipenem,0
adinazolam,1
mefenidil,1
cytarabin,1
tixocortolpivalate,1
phenothiazine,1
risperidone,1
levosimendan,0
dipyrone,0
levallorphan,1
cyclophenazine,1
ncgc0001661701,1
nans13s113dimethyl102phenylethyl10azatricyclo731027trideca2735trien4ol,1
sudoxicam,1
zinc2045117,1
olanzapine,1
nanmethoxy236trimethylphenyl37dimethylnona2468tetraenoicacidethylester,0
adefovirdipivoxil,0
isosorbide,0
oxamniquine,0
homophenazine,1
chembl304606,0
nanamino2aminomethyl646diamino23dihydroxycyclohexyloxyoxane34diol,0
centazolone,1
zinc4214594,1
lodaxaprine,1
zinc100268098,1
chlorphenesincarbamate,1
nitrogen,1
clopipazan,1
tienocarbine,1
zinc669,1
zinc1842729,1
nanmethylpentane,1
nana7adimethyl11a55a5b677a8a99a9b9c9dtetradecahydro3hspirocyclopropa45cyclopenta12acyclopropalphenanthrene82furan354h4hdione,0
budipine,1
amidapsone,1
misonidazolefluoro,1
vinpocetine,1
alaptide,1
compound4bpmid16099654,1
dexpramipexole,1
eclanamine,1
dupracetam,1
schembl4036207,1
enalapril,0
bethanidinesulfate,0
schembl147813,1
dimethadione,1
nanaminohippuricacid,0
verteporfin,0
uniibsk5epo7d3,1
glaziovine,1
noscapine,1
quinacrine,0
kynurenicacid,1
catenulin,0
torbugesic,1
elegas,1
camptothecin,1
raptazapine,1
terbutalinesulfate,0
molindone,1
ocfentanil,1
quinidine,1
temocapril,0
tazobactam,0
methoxyflurane,1
schembl19923339,1
piminodine,1
chloralodol,1
metacetamol,1
chebi338961,1
nanfluorouracil,0
mephobarbitol,1
pdsp1001127,1
bdbm50446085,1
diazepam,1
iclazepam,1
azanidazole,0
sulfamethizole,0
b066skb42,1
dihydrotachysterol,0
moxiraprine,1
clotiazepam,1
hexapradol,1
cisapride,1
nanbromo4chloro111trifluorobutane,1
enkephalin,0
oxytocin,0
gemifloxacin,0
scarbenzide,1
sb204454,0
citatepine,1
rufinamide,1
clometocillin,0
benzonatate,0
trifluoperazine,1
chembl3527030,1
zinc100125124,1
chembl195725,1
clovoxamine,1
loxapine,1
dthreoalphabenzylnethyltetrahydrofurfurylamine,1
sulfamoxole,0
clobetasone,1
desmethylclobazamnorclobazamnordiazepam,1
iocetamicacid,0
s18986,1
lincomycine,0
saminopromazine,1
nantribromoethanol,1
inostral,0
ketamine,1
ivermectinii,0
dextramycin,0
ceftezole,0
alphadddc,0
sirolimus,0
nanmethyl3pyridyl34methylsulfonylphenyl5chloropyridine1oxide,1
cefepime,0
nacetyldglutamine,1
cas113428,1
zinc95093058,0
tricetamide,1
menadiol,0
nanr9r10r11r13s14r17s17ethoxycarbonyloxy11hydroxy1013dimethyl3oxo7891112141516octahydro6hcyclopentaaphenanthren17yl2oxoethylpropanoate,1
schembl18872879,0
butacetin,1
estazolam,1
cholecalciferolundefinedstereochemistry,0
tertbutylchlorambucil,1
nanmethylhexane,1
db086784,1
nanr4as7ar12bs4a9dihydroxy3prop2enyl24567a13hexahydro1h412methanobenzofuro32eisoquinoline7one,1
uniixrp67fe31n,1
cericlamine,1
stamsulosin,1
phentolamine,0
dichloroacetate,1
rifabutin,0
choline,1
leurubicin,0
zinc608045,1
nanbromopropanenpropylbromide,1
nans8s9r10s11r13s14s16s17s69difluoro111617trihydroxy172hydroxyacetyl1013dimethyl6781112141516octahydrocyclopentaaphenanthren3one,1
tamsulosin,0
bosentan,0
nanpentanone,1
dabelotiner,1
cyprodenate,1
doxapram,1
carbuterol,0
chembl368590,1
alpiropride,1
chembl71529,0
cyclarbamate,1
levotofisopam,1
raclopride,1
nanlh281,1
compound9,0
indigotindisulfonate,0
gabapentin,1
nans4s13dimethyl4propylpiperidin4ylphenol,1
gadopentetatedimeglumine,0
zinc2019918,1
cispiflutixol,1
nanhexyl44iodophenylpiperazine,1
etonogestrel,0
nalorphine,1
procainamide,0
spinosad,0
fluotracene,1
brl52656,1
sulfamerazine,0
sulfinpyrazone,0
nantrimethylxanthinetms,1
pipotiazinepalmitate,1
tiomergine,1
zinc4475310,1
chembl390021,1
zinc11616739,0
zinc25547986,1
cyclothiazide,0
elopiprazole,1
schembl13016949,1
dicloxacillinsodium,0
tifluadom,1
chembl71313,0
panuramine,1
cephapirincefapirin,0
hydrocortisoneaceponate,1
metaxalone,1
floxuridine,0
takle2l779450,1
schembl6949469,1
mls002694856,0
guanoxyfen,1
nans3s4s5s21r2r3s4r6s46diamino32s3s6r3amino6aminomethyloxan2yloxy2hydroxycyclohexyloxy5methyl4methylaminooxane35diol,0
b038ici17148,1
hms3652d17,1
nans4r5r6s5hydroxy64hydroxy34hydroxy33methylbut2enylbenzoylamino8methyl2oxochromen7yloxy3methoxy22dimethyloxan4ylcarbamate,0
chloroprednisone,1
fosmidomycin,0
thymidinealphaalphatrifluoro,0
db086626,0
ssfenoterol,0
acetazolamide,1
lopinavir,0
colistinsulfate,0
y12,0
nanaminopyridine,1
zinc2015966,1
tiopronin,0
antipyrineok,1
estradiolvalerate,0
niacin,0
nandiethylaminopropyl1r2s4r2phenylbicyclo221heptane2carboxylate,1
acmc20dibf,0
zinc1530605,0
isoproterenol,0
chembl73284,1
fexofenadine,0
piroxicam,0
zinc11592715,1
difenoxin,0
n2cyanoethyl2phenylethylamine,1
benzoctamine,1
chembl68852,1
bbcpd11cimetidineanalogyg13,0
oxilorphan,1
medazepam,1
sulfalene,0
amdinocillinpivoxil,0
azacyclonol,1
betacyclazocine,1
schembl3731467,0
imidafenacin,0
ralonimid,1
aniracetam,1
alprenolol,1
etoprine,1
sbendroflumethiazide,1
eterobarb,1
spirilene,1
ddopa,0
bbcpd17,0
zinc33985952,1
nanr2aminopropylphenol,0
virginiamycinfactorm1,0
adapalene,0
enoximone,0
oprea1628450,1
schembl13575747,0
chembl2096766,1
zinc1708378,1
itraconazole,1
risedronate,0
fluocortinbutyl,1
hydantoin,1
zinc2014913,1
sulphurhexafluoride,1
fenharmane,1
litoxetine,1
isoproterenolhydrochloride,0
dphenylalaninelproline,1
uniiw8rd4n93r2componentqvfwzncvpcjqopritpcoansan,1
sphenglutarimide,1
triamcinolonehexacetonide,1
chembl3558540,0
nabilone,1
fenmetramide,1
eltrombopag,0
clopidogrelbisulfate,0
fluacizine,1
naltrexonehcl,1
stiripentol,1
oxytetracycline,0
ifosfamide,0
zinc3875034,0
raltitrexed,0
cefluprenam,0
zinc1708380,1
hesperetin,0
hydrocortamate,1
chembl190860,1
acepromazine,1
chembl69032,0
nanthia1azabicyclo320heptane2carboxylicacid33dimethyl7oxo44dioxide2s5r,0
fimasartan,0
albendazole,1
remifentanil,1
dtpabma,0
schembl3959596,0
schembl1005144,1
xylose,0
piribedil,1
uniiu73hjz98fz,0
butaperazine,1
fusidicacid,0
schembl6578579,1
nans7r71s1carboxy3phenylpropylamino6oxo123478910octahydropyridazino12adiazepine4carboxylicacid,0
sdoxapram,1
cloroperone,1
ropiniroleskf101468,1
taniplon,1
nandimethyl22methylphenyliminoimidazolidine,0
zafirlukast,0
diethazine,1
schembl180549,0
mexazolam,1
n41s1hydroxy2propan2ylaminoethylphenylacetamide,1
zinc2020011,1
flurithromycin,0
nans5r6s632chloro6fluorophenyl5methyl12oxazole4carbonylamino33dimethyl7oxo4thia1azabicyclo320heptane2carboxylicacid,0
uniizd90k4jipz,1
quininesulfate,0
schembl2108977,1
zinc1999439,0
amitriptyline,1
chloroxine,0
phenoxybenzamine,0
fluoxymesterone,0
zinc19362656,1
chlorhexadolchloralodol,1
iprindole,1
mephenytoin,1
quinagolide,1
deximafenimafen,1
bifemelane,1
dicloxacillin,0
triclosan,1
schembl12537969,1
thioguanine,0
nanamino5chloro2methoxyphenyl4diethylaminobutan1one,1
nafenodone,1
revospirone,1
nanfluorophenyl334fluorophenyl3hydroxypropyl44hydroxyphenylazetidin2one,0
metaproterenol,0
cortisone,0
fg8205,1
cimepanol,1
nans6s444pyrimidin2ylpiperazin1ylbutyl4azatricyclo521026decane35dione,1
zinc18084626,1
prothipendyl,1
sucralfate,0
cimetidineyg1,0
flumequine,0
enflurane,1
nitrafudam,1
chembl1624111,1
arglabin,0
mofegiline,1
cefaclor,0
aee788,1
amiflamine,1
levorphanol,1
chembl2115071,1
nanr5s6s33s5s5dimethylcarbamoylpyrrolidin3ylsulfanyl61s1hydroxyethyl4methyl7oxo1azabicyclo320hept2ene2carboxylicacid,0
prothionamide,1
sulfonmethane,1
lirequinil,1
ceftriaxonesodium,0
tienopramine,1
oxiconazole,0
delavirdine,0
difebarbamate,1
zinc1692922,1
nans4as10as3diethylsulfamoylamino6hydroxy1propyl344a51010ahexahydro2hbenzogquinoline,1
cefcapene,0
tizanidine,1
unii6v73e494fl,1
bezafibrate,0
aldosterone,0
pivampicillin,0
aceclofenac,0
schembl13576356,1
rmetomidate,1
chebi145922,0
miglitol,0
lintrain45,1
paraxazone,1
benztropinebenzatropine,1
gentianviolet,0
bbcpd12cimetidinederivativeskb15,1
clemeprol,1
methotrimeprazine,1
schembl4092521,0
tameticillin,0
ifoxetine,1
cyclizine,1
acetanilide,1
zolpidem,1
deanol,1
mitotane,0
prednisolonehemisuccinate,1
octriptyline,1
zinc169341273,1
schembl19274001,1
uniii47khr6imv,1
l4,0
biriperone,1
alniditandihydrochloride,1
carfilzomib,0
cinnarizine,1
torasemide,0
nsc355078,1
nanr9r91s12dihydroxyethyl67911tetrahydroxy4methoxy810dihydro7htetracene512dione,0
benzamide,1
chembl151192,0
cephaloglycin,0
nanr23hinden4yloxymethylmorpholine,1
zinc5651105,1
n1s5s8benzyl8azabicyclo321octan3yl23dimethoxybenzamide,1
zinc13783190,0
hexapropymate,1
methylprednisoloneaceponate,1
domoprednate,1
losigamone,1
quazepam,1
sb656104a,1
cefetametpivoxyl,0
bromamid,1
isoquercitrin,0
nanmercaptopurine,1
pheneturide,1
lansoprazole,0
seconazole,0
oxaprotiline,1
morphine,1
perisoxal,1
meclorisonedibutyrate,1
pxylene,1
nanethoxy6fluorophenylboronicacid,1
argon,1
spiramycini,0
diflucortolonepivalate,1
skbe,0
pipemidic,0
tenilapine,1
benzoclidine,1
fencamfamin,1
chembl1253612,1
bosutinib,0
fluocinonide,1
gliquidone,0
valnoctamide,1
lvalsartan,0
tauroursodeoxycholicacid,0
nanr5r6s33dimethyl62r2methylideneamino2phenylacetylamino7oxo4thia1azabicyclo320heptane2carboxylicacid,0
levoleucovorin,1
nortetrazepam,1
chembl3989733,1
procinonide,1
chembl433033,1
sremoxipride,1
glycerol,1
trans12dichloroethylene,1
ganaxolone,1
cilobamine,1
nanfluoro5hydroxy6bhydroxyacetyl4a6a88tetramethyl344a4b566a6b9a1010a10b1112tetradecahydro2hnaphtho2145indeno12d13dioxol2one,1
mls002608668,1
cicletanine,0
mizoribine,0
phenethicillinpheneticillin,0
schembl10844792,0
zalcitabine,1
promazine,1
propyperone,1
ssibutramine,1
ondansetron3s,1
sbromisoval,1
resorcinol2pmentha18dien3yl5pentyle,1
cefiximeepimpuritya,0
streptozocin,0
flunarizine,1
aloracetam,1
etamocycline,0
cinoctramide,1
zalospirone,1
schembl8481524,0
carbetapentane,0
chembl400001,1
schembl19961204,1
etretinate,0
metyrapone,0
chembl1935446,1
rgallopamil,1
gr94839i,0
nsc15312,1
vasopressin,0
apalcillin,0
methyprylon,1
emedastine,1
nanzm0241385,0
fexofenadineallegra,1
ethyl4aminobenzoatebenzocaine,1
isepamicinisepamycin,0
zinc2037958,1
talampicillin,0
ft0774985,0
propyl4aminobenzoate,1
erizepine,1
dipivefrindipivefrine,0
schembl13026158,1
methantheline,0
pyridarone,1
mifepristone,0
flubanilate,1
zinc1530991,0
doxenitoin,1
nanamino92hydroxyethoxymethyl69dihydro1hpurine,1
gr94839c,0
axitinib,0
epalrestat,0
ranitidinebase,0
nanmethyl1butanolisopentanol,1
medrysone,1
zinc4213203,1
ophthalmadine,0
testosterone,1
s119,1
buthiazide,0
milipertine,1
zinc1530907,1
praziquantel,1
didanosine,0
lmethylphenidate,1
keforal,0
nans11bstetrabenazine,1
diflorasonediacetate,1
schembl4492294,1
azidamfenicol,1
cytarabine,1
topotecan,1
zinc22942024,1
piperidinederivatives3,1
nank06,1
verapamil,1
fluspirilene,1
detomidine,1
pfizercompound21,1
icf,1
unii13w6wjx09r,1
cetotiamine,1
zomebazam,1
tridihexethylchloride,0
lenperone,1
sorafenib,1
pimozide,1
cathine,1
chembl68769,0
ctk7f4431,1
bunazosin,0
eszopiclonelunesta,1
spironolactone,0
nandimethylaminoethylamino17demethoxygeldamycin,1
unii80o018lgcicomponentcmebtcwurhmceednvcbolysan,1
lymecycline,0
dimemorfan,1
hydromorphone,1
pipecuroniumbromide,0
atropine,1
oxaflumazine,1
declenperone,1
rprocyclidine,1
anileridine,1
nystatin,0
lopacs159,1
lenapenem,0
schembl5951410,0
steniloxazine,1
phenylntertbutylnitrone,1
ncgc0018115101,0
schembl18401354,1
biosone,0
temazepam,1
capuride,1
mazindol,1
benazepril,0
uniip41pml4ghr,0
cimoxatone,1
unii090de9crp1componentichhtomwwamjqpzdusscgksan,1
azathioprine,0
nanmethoxyaceticacid2231hbenzimidazol2ylpropylmethylaminoethyl6fluoro1propan2yl34dihydro1hnaphthalen2ylester,0
oxcarbazepine,1
metopon,1
stacofylline,1
nmethylthiazoliumdcka,1
nitrousoxide99,1
ciclopirox,0
halopredonehalopredoneacetate,1
clemastine,1
acipimox,1
brinzolamide,0
thonzonium,0
mls000756415,0
schembl10264224,0
spindolol,1
chlormezanone,1
domperidone,1
bromodiphenhydraminebromazine,1
sertindole,1
mmv004168,1
taclamine,1
proquazone,0
mivacuriumchloride,0
amphenidone,1
smiconazole,1
fluazacort,1
dasatinib,0
schembl2109666,1
berythromycin,0
zinc5651434,1
cadralazine,1
s118,1
eqvalan,0
cyprenorphine,1
clidinium,0
acevaltrate,1
valproate,1
cloprednol,1
cefpirome,0
timolol,0
amcinafide,1
morphinan3ol172oxo2phenylethyl,1
zinc40163161,1
harman,1
sankyo,1
dixyrazine,1
spirapril,0
nabazenil,1
cogazocine,1
nanr9s13s14s17r3cyclopentyloxy17ethynyl13methyl7891112141516octahydro6hcyclopentaaphenanthren17ol,0
uniih61chr8d70,1
pazinaclone,1
pf4447943,1
tixadil,1
pacetamidophenol,1
quinpirole,1
zinc100218256,1
m2l663581,0
sb235375,0
pfizercompound20,1
liothyronine,0
streptomycin,0
fluocinoloneacetonide,1
compound3apmid16099654,1
azithromycin,0
piracetam,1
algestoneacetonide,1
bacmecillinam,0
axamozide,1
hexafluronium,0
nanr9r13s113dimethyl102phenylethyl10azatricyclo731027trideca2735trien4ol,1
chlorphenoxamine,1
nsc606170,0
cropropamide,1
uniirr2f99e79b,1
saptazapine,1
cortisuzol,1
nanr7s3acetyloxymethyl72z2furan2yl2methoxyiminoacetylamino8oxo5thia1azabicyclo420oct2ene2carboxylicacid,0
nanphenylcyclopentanamine,1
nandihydrocarbamazepine,1
tz21,1
pregnanoloneeltanolone,1
uniiwjm15a06j6,1
amethopterin,0
chembl106345,1
nans2r4r6r8s9s11s12r13r11hydroxy82hydroxyacetyl913dimethyl6propyl57dioxapentacyclo108002904801318icosa1417dien16one,1
nnorcodeine,1
phenol,0
cp107,0
skbi,0
gramicidins,0
schembl11851060,0
decimemide,1
nanas9r10arn3dimethylaminopropylnethylcarbamoyl7prop2enyl66a891010ahexahydro4hindolo43fgquinoline9carboxamide,1
pristinamycinic,0
trandolapril,0
pyridazinone,1
rallomethadione,1
zinc4537463,1
mephenoxalone,1
nerisopam,1
alpidem,1
damethopterin,0
alpelisib,0
carbondisulfide,1
chembl476108,1
bufenadrine,1
spaliperidone,1
vecuroniumbromide,0
nans5s6s62s24ethyl23dioxopiperazine1carbonylamino2phenylacetylamino33dimethyl7oxo4thia1azabicyclo320heptane2carboxylicacid,0
nanalphamethyldihydrotestosterone,0
tocris0427,0
pyridoxine,0
nanethyl51methylbutenylbarbituricacid,1
zometapine,1
frovatriptanracemate,1
y22,0
tioperidone,1
chembl411088,1
iotroxicacid,0
nanboronophenylalanine,1
nitisinone,0
mepartricin,0
clocortoloneacetate,1
neticonazole,0
perlapine,1
nandimethylpiperidin1ium4yl2r3r3methyl2phenylpentanoate,0
zinc4213470,1
zinc40163494,0
nitrendipine,0
alrestatin,1
moperone,1
toremifene,0
cidofovir,0
loprazolam,1
uniix7yc41b666,1
schembl2942739,1
buramate,1
capecitabine,1
butalbital,1
zinc13282290,1
decane,1
cp122721,1
mchrantagonist19,1
schembl8717354,1
rolicyprine,1
unii5efs516hk3,1
isepamycin,0
fropenemfaropenem,0
indinavir,1
rifaximin,0
chembl88330,1
unii7w3a3ukf2e,1
schembl155839,1
tolazamide,0
docetaxel,0
cromoglicicacid,0
mptp,1
cefetamet,0
pdsp1001705,1
fepitrizol,1
chloroethane,1
paricalcitol,0
lisuride,1
nitrofurantoin,0
bpsp,1
zinc40476855,1
pipotiazine,1
mirisetron,1
tolpiprazole,1
perospirone,1
aliflurane,1
irinotecan,0
hydro2hpyran2yloxy7methoxy35791113hexame,0
nafcillin,0
yohimbine,0
hydralazine,0
desflurane,1
pharmakon160001505978,1
zinc22588438,1
bromhexine,0
trientinehydrochloride,0
nanbutadienedivinyl,1
flubepride,1
pyritinol,1
uniirb4xq0t71ucomponentdqcawjlmfjkicggfccvegcsan,0
pipamperone,1
nelarabine,0
hydroxyalprazolamalphahydroxyalprazolam,0
epoprostenol,0
chembl252319,1
sbi0051468p003,0
pentaerythritoltetranitrate,0
schembl13773292,1
sulthiamesultiame,1
amoxapine,1
levacetylmethadol,1
acaprazine,1
nitrocycline,0
sglutethimide,1
morpholinyloxaunomycin,1
isosorbidemononitrate,0
unii588k80pehxcomponentklwgwdotudklktsecbinfhsan,1
ropinirolehydrochloride,1
y30,1
smr000539419,0
nanbisacetyloxy161methylpiperidinium1yl2piperidin1ylandrostane,0
unii0663ol43pk,1
vildagliptin,0
pyrithyldione,1
nsc25141,1
uramustine,0
nanr3s2ethyl3methylpentanamide,1
tricinoloneacetophenonide,1
tolufazepam,1
quilostigmine,1
nanmethylpropan1ol,1
acecarbromal,1
rescinnamine,1
nanethyl2hydroxy52spentan2yl13diazinane46dione,1
mls002702124,1
danitracen,1
alphaprodinebetaprodine,1
nuo8nhr7wb,1
psilocybine,1
nanr5s35dimethyl1adamantanamine,1
cyclosporina,1
cytisine,0
sulfacetamide,0
nans2s1hydroxy2methylaminopropylphenol,0
carvedilol,0
pericyazine,1
cube6,0
schembl18309836,1
sulfoxone,0
akos030241499,1
rebamipide,0
dimesone,1
chebi568657,1
schembl6624015,1
chembl71375,1
cicortonide,1
oxyphenbutazone,0
propyliodone,0
eltoprazine,1
chembl1907165,0
alprostadil,0
uniijv86y0civf,0
chloroserpidine,1
tetrabarbital,1
fosphenytoin,1
ltryptophan,1
indolapril,0
rcotinine,1
pipequaline,1
bisbentiamine,1
chembl71781,1
fenoterol,0
ivoqualine,1
diazoxide,0
schembl6946348,1
dextromoramidelevomoramideandracemoramide,1
minokinemw012069srm,1
butoctamide,1
ramelteon,1
nans7r31methyltetrazol5ylsulfanylmethyl8oxo72trifluoromethylsulfanylacetylamino5thia1azabicyclo420oct2ene2carboxylicacid,0
schembl4111708,1
e25nitrofuran2ylmethylenehydrazinecarboxamide,0
rpropylhexedrine,1
chembl1095819,1
doxefazepam,1
nans4as7ar12br3methyl244a5677a13octahydro1h412methanobenzofuro32eisoquinolin9ol,1
schembl4936924,0
ica27243,1
rviloxazine,1
schembl4918415,1
atomoxetine,1
diflucortolone,1
thiethylperazine,1
betamethasoneacibutate,1
mecoprop,1
apadoline,1
nandiphenylguanidine,1
schembl3030994,1
nans7r72z22amino13thiazol4yl2hydroxyiminoacetylamino3methoxymethyl8oxo5thia1azabicyclo420oct2ene2carboxylicacid,0
ciclazindol,1
bishydroxylatedl663581,0
dmannitol,0
ertugliflozin,0
blonanserin,1
ctk7d0713,0
chembl308915,0
dexoxadrol,1
unii8n2p6k7x3j,1
folicacid,1
scopolamine,1
etiracetam,1
hydroxyephedrine,0
bretylium,0
ceftiolene,0
comanicacid,0
acmc20dhn6,1
unii2t374e8s8v,1
oxitriptan,1
gr94839b,0
nanxi11beta14xi16alpha921dichloro11hydroxy16methyl320dioxopregna14dien17ylfuran2carboxylate,1
trihexyphenidyl,1
zinc3876069,1
talnetant,1
l015600,1
nans7s72z22amino13thiazol4yl2hydroxyiminoacetylamino3methoxymethyl8oxo5thia1azabicyclo420oct2ene2carboxylicacid,0
etifoxine,1
tiapride,1
ci1043,1
tisocromide,1
haloxazolam,1
zinc253636932,0
fluzinamide,1
furazolidone,0
arfendazam,1
alaproclates,1
roxiracetam,1
nicotine,1
thebacon,1
carfecillin,0
mirincamycin,0
bazedoxifene,0
nanhydroxytryptamine5htreceptorligand1b,1
loperamide1,1
cefuroximepivoxetil,0
dexamisole,1
aprobarbital,1
alphaisomorphine,1
bevantolol,0
neomycinbas2ethylbutyrateframycetin,0
chembl244000,1
ceforanide,0
piperidine34methoxyphenoxymethyl1methyl4phenylcis,1
dextromepromazine,1
sb277011a,1
cerivastatin,1
indomethacin,0
cyclobarbital,1
chembl2261922,1
rilapine,1
triflubazam,1
carindacillin,0
zinc1543366,1
homofenazine,1
uniiu5xbm7n6a3,1
bromisoval,1
schembl4401823,0
sulfacytine,0
tolvaptan,0
uniijc6360h11t,1
pilocarpine,0
levobetaxolol,1
bms204352,1
tz3,1
piritrexim,0
phenaglycodol,1
tetrahydrobiopterin,0
meperidide,1
chlorpropamide,0
schembl7721982,1
piberaline,1
pyrvinium,0
hopantenicacid,1
uniin3o8l7r66h,1
clocortolone,1
furfenorex,1
zinc1999272,1
ceftizoximealapivoxilky020,0
benperidol,1
dopamine,0
pantoprazole,0
nanbutyl52carboxy3thiophen2ylprop1enyl1imidazolylmethylbenzoicacid,0
tobicillin,0
ml,1
nsc350386,1
desvenlafaxine,1
nanohtiq,1
methetoin,1
nanmethyl3sulfanylpropanoylpyrrolidine2carboxylicacid,0
n35dimethylaminomethylfuran2ylsulfanylpropylnmethyl2nitroethanimidamide,0
chembl1620938,0
rpancopride,1
mls003373964,0
flunisolide,0
zinc2015185,0
kitasamycin,0
epirubicin,0
rauwolscine,0
pimethixene,1
unii6mdc25lqsrcomponentwtbqlhrvrkxspxghmzboclsan,1
db051804,1
zinc40163147,1
iodoantipyrine,1
endomide,1
pipofezine,1
chlorothiazidesodium,0
suritozole,1
zinc3830661,1
fumoxicillin,0
haloperidol,1
carbidopa,0
sbb079053,0
etaqualone,1
butoconazole,0
flecainideacetate,0
propofol,1
tamolarizine,1
piperazinecitrate,0
nannonene,1
nanmethylheptane,1
cefetametpivoxil,0
trizoxime,1
talipexole,1
propofoldiprivan,1
terbutaline,1
raminoglutethimide,1
clopimozide,1
pyrovalerone,1
femoxetineinn,1
ecypenamine,1
zoloperone,1
proxyphylline,1
ethyltbutylether,1
zinc101751021,1
promethazine,1
vorozole,1
fludarabinephosphate,0
temocillin,0
napamezole,1
mchrantagonist23c,1
levothyroxine,0
dezocine,1
zinc2019839,1
uniid6w2avh65e,1
westcort,1
ltrofosfamide,1
ipratropium,0
chembl382773,1
pagoclone,1
imipenem1wasser,0
unii6c18xmp3df,1
chromocarb,1
dydrogesterone,0
ralitoline,1
sulfaphenazole,0
cycloserine,1
isoetharine,0
rociclovir,1
loratadine,1
senflurane,1
gacyclidine,1
chembl218017,1
i1,1
ceftriaxone,1
cetocycline,0
zinc9710,1
azatadine,1
piroxicillin,0
carphenazine,1
ticlopidinehydrochloride,0
besipirdine,1
amikacin,1
ibutilide,0
soxiracetam,1
tolquinzole,1
etamiphyllin,1
u88703,1
desipramine,1
rolitetracycline,0
mxylene,1
unii1c2ho1ns77,1
enalaprilat,0
n34dichlorophenyln1s2s2dimethylaminocyclopentylpropanamide,1
ncgc0001654801,1
tetrazepam,1
org32104,1
nikethamide,1
nanbromopropane,1
captopril,0
rilpivirine,0
lubiprostone,0
fentanyl,1
y19,1
demecycline,0
mppf,1
shalothane,1
dimethamphetamine,1
naniodophenyl4isopropylpiperazine,1
pfizercompound8,1
snisoldipine,1
methylphenidate,1
nanepipravastatin,0
zinc1481925,1
ls190695,0
zinc31477134,1
sulconazole,0
sumacetamol,1
vinbarbital,1
pac1,1
ketotifen,1
liarozole,1
chlorobutanol,1
schembl2109738,0
emylcamate,1
spectrum001092,1
sb222200,1
methylacetate,1
pregna14diene320dione9chloro111721trihydroxy16methyl11beta16beta,1
nans5s6r62ethoxy1naphthalenyloxomethylamino33dimethyl7oxo4thia1azabicyclo320heptane2carboxylicacid,0
ethotoin,1
polythiazide,0
paramethasoneacetate,1
flavoxate,0
monacolink,0
acetophenazine,1
penicillinn,0
ridogrel,1
pelrinone,1
uniil2gwr3us1gcomponentqqwlxnmppfcvcdvifpvbqesan,1
chembl219060,1
apomorphiner,1
idebenone,1
ofloxacin,1
zinc11679768,0
compound32,1
toloxatone,1
chembl2111136,1
anagrelidehydrochloride,0
probenecid,1
smr000550494,1
zinc651,0
capsaicine,0
chebi337303,1
benzocaine,1
tolmesoxide,1
zinc245204572,0
flucloxacillin,0
hidroxiestilbamidina,0
chembl69942,0
skba,1
naflocorthydrate,1
halopredoneacetate,1
tolamolol,0
isometheptene,1
ac1nfq3w,1
paclitaxel,1
flutoprazepam,1
difluaninedifluanazine,1
lufuradom,1
naratriptan,1
nanaminobenzoicacid,0
carumonam,0
trocimine,1
razobazam,1
paraxanthine,1
norflurane,1
zinc5439905,1
chembl204958,1
cyclosporinaciclosporin,0
propanidid,1
zinc3830926,0
triamcinolonebenetonide,1
naftifine,0
aceglutamide,1
clonazepam,1
pridefine,1
dapsone,0
styrene,1
n3methyl11dioxo14thiazinan4yl15nitro2furanylmethanimine,0
benfluorex,0
uniih0x939rx9wcomponentanpjdcdlxknspslbprgkrzsan,1
urea,1
schembl4820,0
zinc1531027,1
tandamine,1
mls003115428,0
homprenorphine,1
nanr9r10s11r13r14r17s1117dihydroxy172hydroxyacetyl1013dimethyl7891112141516octahydro6hcyclopentaaphenanthren3one,1
nsc108159,1
exemestane,0
compound10b,1
cefsumide,0
zinc1530929,1
amelometasone,1
ketobemidone,1
pivoxazepam,1
hydromorphinol,1
oxatomide,1
paramorfan,1
isobutylacetate,1
supidimide,1
rethosuximide,1
nandichloroindazol1ylethanamine,1
perazine,1
memantine,1
bms184111,1
b049,1
uldazepam,1
nanb,1
diacetylnalorphine,1
nanaminopropylphenol,0
fluocinolone,1
sprofenamine,1
zinc607947,1
gr91272,1
zinc3831179,1
pecazine,1
biapenem,0
anisindione,0
nanfluoro1117dihydroxy101317trimethyl126781112141516decahydrocyclopentaaphenanthren3one,0
sulbactamsodium,0
halocortolone,1
cis34dimethyl2phenylmorpholine,1
cefaparole,0
clobutinol,0
zinc731,1
niflumicacid,0
regorafenib,0
etasuline,1
prazocillin,0
nsc256439,0
lofendazam,1
bcnu,1
iproclozide,1
nialamide,1
sevoflurane,1
zinc4214115,1
propranolol,0
nans2231hbenzimidazol2ylpropylmethylaminoethyl6fluoro1propan2yl34dihydro1hnaphthalen2yl2methoxyacetate,0
bremazocine,1
lofentanil,1
thioridazine,1
zinc19168143,1
mefloquine,1
zetidoline,1
nilotinib,0
gr94839f,0
cefonicidinnban,0
epinastine,1
tobramycin,0
plicamycin,1
zinc2007119,1
pfizercompound11,1
chembl351067,1
bbcpd21,1
cep1347,1
unii99h2e0y9oa,1
unii1o8a15g935componentbjwapforupuxrjsfhvurjksan,1
tiospirone,1
aciclovir,1
schembl11034921,1
zinc312,1
nolpitantium,1
uniifz5449hjww,1
bmsp,1
prosulpride,1
gonadorelin,0
tolazoline,1
furomazine,1
pfizercompound24,1
n2amino5phenylphenyl44methylpiperazin1ylmethylbenzamide,1
sulmepride,1
denzimol,1
rphenprocoumon,1
nbenzyl4r4aminomethylpyrrolidin2one,1
chembl3707296,1
zinc6036855,1
alosetron,0
pfizercompound1,1
satigrel,0
bexarotene,0
nanfluoropaclitaxel,1
teflurane,1
cefpodoxime,0
nmethylspiperone,1
fleroxacin,1
schembl4942866,1
cephatriazine,0
hydrocortisonecypionate,1
benmoxin,1
uniithb9t1jz6c,1
ar1d9859,1
schembl13321839,1
chembl12325,0
nanr7s3acetyloxymethyl72cyanoacetylamino8oxo5thia1azabicyclo420oct2ene2carboxylicacid,0
etodolac,0
flucindol,1
fenadiazole,1
methitural,1
pfizercompound23,1
nanmethyl1pentyn3ol,1
mecamylamine,0
oxyridazine,1
amantadine,1
zinc3881869,0
nanmethylthiophencyclidinegacyclidine,1
flufenamic,0
fosfomycin,1
cloxacillin,0
unii7gaq2332nkcomponentnrncyvbfpddjnessdottswsan,1
bibr1048,0
cilomilast,1
fluvastatin,1
sbethanechol,0
propicillin,0
benzydamine,1
dabelotines,1
dualreleasehydrocortisone,1
loteprednolloteprednoletabonate,1
mianserin,1
valrubicin,0
bicalutamide,0
nans5s32hydroxyethylidene7oxo4oxa1azabicyclo320heptane2carboxylicacid,1
zinc2006536,1
fulvestrantrenantiomer,0
tiflucarbine,1
mefeclorazine,1
indriline,1
nsc60600,1
rpindolol,1
clorgiline,1
nomelidine,1
echothiophate,0
mls006011441,0
uniio83b33q2lt,1
sdoxazosin,1
clocortolonepivalate,1
nanbutyl5ethylbarbituricacidbutethal,1
flucloroloneacetonide,1
spectinomicina,0
zinc1081249,1
propazepine,1
gnfpf138,0
cefuroxim,0
schembl6228099,1
pfizercompound17,1
pregnenolonesuccinate,1
timelotem,1
stepronin,0
ilotycin,0
thiamine,0
chembl3349881,1
econazole,0
am36,1
dltryptophan,1
encainide,0
methicillin,0
sameridine,1
pentanamide2ethyl3methyl2s3s,1
pivenfrine,0
morphine6glucuronide,0
anabet,1
diacetylmorphine,1
levophacetoperane,1
acetiamine,1
ctk8i5337,0
metronidazole,1
clidiniumbromide,0
irbesartan,0
bepridil,0
ncgc0016456001,1
zinc601234,1
tafenoquine,0
chembl305241,0
nanhydroxyalphamethyldltyrosine,0
saccharin,1
schembl25219,1
penicillin,0
astemizole,1
chembl63427,1
eldecalcitol,0
cinuperone,1
gentamicinc,0
penthrichloral,1
conorphoneconorfone,1
uniiw30o8i2c4v,1
fantridone,1
scrotetamide,1
meperidine,1
propafenone,0
racemictamsulosin,0
zinc33903606,1
unii5d18ipq12r,1
mycophenolicacidunspecifiedstereochemistry,0
lupitidineyg5skf93479,0
nanamino2oxoethyl36r7r725amino124thiadiazol3yl2fluoromethoxyiminoacetylamino2carboxy8oxo5thia1azabicyclo420oct2en3ylprop2enylethylmethylazanium,0
flutamide,0
everolimusrad001,1
etoposide,0
cefivitril,0
chembl25547,1
schembl547392,1
schembl25856,1
nanchloro9fluoro1117dihydroxy16methylpregna14diene320dione,1
unii63z1842q5i,1
phenazopyridine,0
cortisol,1
dextropropoxyphene,1
toliprolol,1
isosorbidedinitrate,0
vocamine,0
nanr9s2carbamoyl9tricyclo940038pentadeca1153571113hexaenylacetate,1
imiquimod,0
etravirine,0
cysteamine,0
descinoloneacetonide,1
phenoperidine,1
tertbutylcyclohexane,1
schembl2624888,0
cyclandelate,0
flumethasone21pivalateflumetasonepivalate,1
hydrocortisonebutyrate,1
demoxepam,1
ulobetasol,1
ocinaplon,1
schembl147024,1
clazolam,1
sobuzoxane,0
cefdaloxime,0
acetaminophenpacetamidophenol,1
schembl14685045,1
trovafloxacin,1
chloralhydrate,1
indeloxazine,1
penimocyclin,0
uniia0bk6fm64mcomponentgdrgoyfisygshqcqszacivsan,1
nans4ar5ar6s12ar7chloro4dimethylamino16101112apentahydroxy6methyl312dioxo44a55atetrahydrotetracene2carboxamide,0
zinc1481926,1
sarmoxicillin,0
hydroxypethidine,1
norfloxacin,0
tocris1622,1
mepenzolate,0
chembl142158,1
digitoxin,0
chlorhexidinebase,0
flutroline,1
tampramine,1
vitaminealphatocopherol,1
mls000678252,0
acalabrutinib,0
difencloxazine,1
nanalphafluoroestradiol,1
levocetirizine,0
fauc113,1
permethrin,0
toloxychlorinol,1
cefditorenpivoxil,0
deferasirox,0
cefquinome,0
lorcinadol,1
indecainidehydrochloride,0
varenicline,1
tripelennamine,1
schembl618214,0
prideperone,1
piperacetazine,1
triclodazol,1
famotidine,1
ipodate,0
chembl239975,1
chembl343404,1
cephacetrile,0
sulfamethoxazole,1
nanr2r4s8r9s11s12s13s162chloroethoxy12fluoro19formyl11hydroxy66913tetramethyl57dioxapentacyclo108002904801318icosa1618dien8yl2oxoethylacetate,1
orlistat,0
st363,1
zinc5368369,1
triamcinoloneacetonide,1
lopirazepam,1
valproatepivoxil,1
chembl385336,1
compound31,1
monometacrine,1
lintrain55,1
butorphanol,1
mitomycine,0
chembl239299,1
nanr22r21r1carboxy3phenylpropylaminopropanoyl67dimethoxy34dihydro1hisoquinoline3carboxylicacid,0
norcodeine,1
bdbm86425,0
zinc1692920,1
hydrocortisoneacetate,1
alletorphine,1
y16,1
bipenamol,1
dexamethasoneacefurate,1
alphameprodinebetameprodine,1
ralfetamine,1
jnj16567083,1
rcarbocloral,1
phenelzine,1
rosiglitazone,0
crotetamide,1
levoprotiline,1
fluorometholone,1
bufuralol,0
etizolam,1
sanisopirol,1
schembl18877133,1
gentamicin,0
ceftibutenstereochemistrynotdefined,0
colchicine,1
chembl244205,1
schembl12684742,1
gr94839,0
zinc33903607,1
zinc100232310,1
bazinaprine,1
phenazocine,1
uniis4yrd0f99v,1
flurazepam,1
sulfathiazole,0
azelaicacid,0
proscillaridin,0
clindamycin,0
uniiyfd6wrv4j1componentiqppoxsmsdpzkugxffztmasan,1
nanzn2aminoethoxycpentylcarbonimidoyl2methylaniline,1
etilefrine,0
schembl4812946,0
nandrolonedecanoate,0
compound17,1
rhydroxyzine,1
nitrousoxide,1
nancisacitretin,0
calusteron,0
uniizl5471j6g6,1
gramicidinb,0
citalopram,1
tipredane,1
chlorothiazide,0
mitiglinide,0
nanmethylhexane2ethylpentane,1
picenadol,1
tertbutylalcohol,1
unii74ofm9lk2g,1
cabergoline,1
mitomycin,0
epigalantamine,1
tefludazine,1
reclazepam,1
etrabamine,1
depramine,1
chloroquine,1
meclocycline,0
midazolam,1
uniixa2019ytu4,1
nanhydroxyalprazolam,0
fenofibrate,0
cogoxin,0
zinc3830565,1
rfluoxetine,1
zotepine,1
nanslatanoprost,0
nancyclopropyl7methyl24915tetrazatricyclo940038pentadecan10one,1
rethotoin,1
epinephrine,0
schembl149458,1
chembl2113676,1
dihydroheterocodeine,1
piperazinederivatives7,1
chembl4248308,1
benzoylmethylecgonine,1
mebeverine,0
enttestosterone,1
omiloxetine,1
zinc3604299,0
pranlukast,0
nanar9r10as7methyl66a891010ahexahydro4hindolo43fgquinolin9yl11diethylurea,1
nanas348btrimethyl23adihydro1hpyrrolo23bindol7ylnmethylcarbamate,1
cp24,1
anisopirol,1
mezepine,1
dexclamol,1
fenobam,1
letrozole,0
nr2phenylbutanoylurea,1
flurandrenolidefludroxycortide,1
nanbutanol,1
nanmethylsulfanyl1023spiperidin3ylethylphenothiazine,1
sb205605,0
bisoprololfumarate,0
cefroxadine,0
mesna,1
nanbutyl3phenylthiourea,1
nanhexyl5ethylbarbituricacid,1
nicodicodine,1
fluprednidene,1
thioproperazine,1
mecillinam,0
phenprocoumon,0
epervudine,0
chembl478224,1
phetharbital,1
nandimethylamino2methylpentan3ylphenol,1
cefoselis,0
sulopenem,0
zinc1704297,1
brl52580,0
ft0778082,1
lornoxicam,1
zinc31983000,1
acetylmethadollevacetylmethadolalphacetylmethadolbetacetylmethadol,1
clopidogrel,0
unii1o8a15g935componentbjwapforupuxrjgosisdbhsan,1
rketorolac,0
zinc1843140,1
chembl390020,1
halofantrinehydrochloride,0
nitroglycerin,0
sparfloxacin,1
chembl3085528,1
dinoprostone,0
ketoconazole,1
zinc486,0
org30526,1
zinc253586540,1
tixocortol,1
dexamethasonedipropionate,1
schembl20808854,1
diflucortolonuminnlatin,1
esorubicin,0
methacycline,0
bumetanide,0
nans2aminon2s3r4r6s3hydroxy2methyl61s3r3512trihydroxy32hydroxyacetyl10methoxy611dioxo24dihydro1htetracen1yloxyoxan4yl4methylpentanamide,0
clodazon,1
bentazepam,1
gyki52466,1
bdbm86527,1
terazosin,0
ticabesonepropionate,1
nantrifluro2chloroethane,1
b057,1
zinc1542594,1
s120,1
nanz22amino13thiazol4yl2methoxyiminoacetylamino2methyl4oxoazetidin1yloxyaceticacid,0
sb357134,1
clonidine,1
gramicidinj2,0
schembl680675,1
dapoxetine,1
estriol,0
zoniclezole,1
ethypicone,1
rhalothane,1
zinc14649463,1
melphalan,1
zinc11616368,0
schembl11523038,0
schembl12202591,1
desmethyldesipramine,1
n24dimethylphenyl13dimethylimidazolidin2imine,0
elacridar,0
s123,1
trebenzomine,1
arbidol,0
azimilide,1
nane3e23bis4hydroxyphenylmethylidenebutanedinitrile,0
albutoin,1
emetinehydrochloride,0
prasugrel,0
cp29,1
erythrogran,0
pheneticillin,0
ssabeluzole,1
adafenoxate,1
nanalphatestosterone,1
benzoylecgonine,0
oxyphencyclimine,0
tz19,1
tolboxane,1
profexalone,1
clocapramine,1
isoflurophate,0
cetohexazine,1
pentamoxane,1
zinc469839159,1
ciprofloxacin,0
zinc21981359,1
hydrocortisonehemisuccinate,1
cortexolonecortodoxonecortifen,1
rifampin,0
unii62o79nuo5m,0
zinc11615961,1
nadifloxacin,0
mfcd00865135,0
demeclocyclinehydrochloride,0
schembl17284795,1
phenserine,1
tripyrolidine,1
carpipramine,1
schembl247562,1
teflutixol,1
cyprazepam,1
akos024333779,1
akos022180860,1
cycotiamine,1
cannabidiol,1
calciumfolinate,1
ctk7e5530,1
smetomidate,1
haloprogin,0
menadiolsodiumdiphosphate,0
icotidine,0
sulfadimethoxine,0
sabeluzole,1
clotixamide,1
zinc320,1
normethadone,1
sulforidazine,1
pentabamate,1
troleandomycin,0
miloxacin,1
nans7r72r2amino24hydroxyphenylacetylamino8oxo32htriazol4ylsulfanylmethyl5thia1azabicyclo420oct2ene2carboxylicacid,0
survector,1
endrysone,1
chembl68445,1
cormetasoneacetate,1
ximelagatran,0
ciladopa,1
methyl1s2s3s5s3benzoyloxy8methyl8azabicyclo321octane2carboxylate,1
chlorpromazine,1
chembl492193,1
zinc252676467,0
pyrantel,0
chembl146332,1
semaxanib,1
lcisdiltiazem,0
normorphine,1
tenebrimycin,0
chembl304168,0
besifloxacin,0
atropinehyoscyamine,1
perafensine,1
salicyclicacid,0
cinolazepam,1
ziprdopap2,1
risperidone9oh,1
telbivudine,0
nandiethoxybenzyl67diethoxy34dihydroisoquinoline,0
glycerolphenylbutyrate,0
cutisterol,1
ethylnandrol,0
moxifloxacin,0
talbutal,1
zinc34220987,1
dextroamphetaminedexedrine,1
aclarubicin,0
silodosin,0
nank10,1
phaclofen,1
skbf,0
s113amitryptalline,1
lesopitron,1
miltefosine,0
chembl476130,1
cgp39551,1
afe,1
nans5s6r632chlorophenyl5methyl4isoxazolyloxomethylamino33dimethyl7oxo4thia1azabicyclo320heptane2carboxylicacid,0
flumetasone,1
zinc6318089,0
schembl1237910,1
nanr13r14r17s17hydroxy13methyl3oxo126781112141516decahydrocyclopentaaphenanthren17ylacetonitrile,1
apixaban,0
sulfanilamide,0
candoxatril,0
trimopam,1
efrotomycin,0
pivagabine,1
nedocromil,0
nealbarbital,1
voglibose,0
sgatifloxacin,1
chembl1950330,1
nans21hinden4yloxymethylmorpholine,1
faha,1
amebucort,1
leucine,1
carbazochrome,0
lorzafone,1
robalzotan,1
lacticacid,1
oxanamide,1
prazepam,1
zinc102036582,1
conorfone,1
schembl3731937,0
nivazolnivacortol,1
nanr4ar7as12br3cyclopropylmethyl4a9dihydroxy24567a13hexahydro1h412methanobenzofuro32eisoquinolin7one,1
lactitol,0
methazolamide,0
schembl7766649,0
menitrazepam,1
sallomethadione,1
uniia41z78sd75componentipvvzyzttkhxkkwcqgtbresan,1
heptane,1
oxymorphone,1
tiotidineskb10yg10,1
desloratadine,0
schembl14616863,0
thiotepa,1
fenethylline,1
chembl306665,0
cyclofenil,0
nanhydroxymidazolam,1
unii6m09zns9d1,1
cinfenine,1
ici204448,0
crotamiton,0
gw406381,1
zinc2009618,1
dextromethadone,1
schembl18653512,1
etoperidone,1
stavudine,1
pd117302,1
piperazinederivatives12,1
cefpiramide,0
busulfan,1
chembl2105588,1
alpiroprides,1
uniib3bw33mufm,1
naltrexone,1
zinc40017477,1
uniiyay699l64p,1
voriconazole,0
dm44,1
chloramphenicolpalmitate,0
nanpentanol,1
pdsp1001647,1
ecabet,0
ethylene,1
trimethaphan,0
phenmetrazine,1
nanr5s6r33dimethyl7oxo62prop2enylsulfanylacetylamino4thia1azabicyclo320heptane2carboxylicacid,0
chlorthenoxazine,1
unii6dzb018428componentugzakkmlmjitlllbprgkrzsan,1
cefmetazole,0
temsirolimus,1
velnacrine,1
desonide,1
clomacran,1
procaterol,0
mevastatin,1
sarecycline,0
nanbutanone,1
ketazolam,1
n1phenylpropan2ylhydroxylamine,0
schembl11223104,0
zinc3871931,0
brivudine,0
schembl6227878,1
clarithromycin,0
nisoxetine,1
ici17148,1
methocarbamol,1
schembl37920,0
iopamidol,0
estradiol,1
unii5359i0ru7w,1
s121,1
schembl6230078,1
taltrimide,1
nilutamide,0
stanozolol,0
ketazocine,1
enciprazine,1
deltayohimbine,1
decamethonium,0
riluzole,1
iguratimod,0
dimiracetam,1
schembl8639797,1
zinc299805743,0
daidzeinok,1
rmeptazinol,1
felodipine,0
flupimazine,1
phenylephrine,1
nandiphenylbut1enylphenoxynndimethylethanamine,1
methoxsalen,0
unii74xyo90u63,1
indometacin,0
minozacfreebase,1
sifaprazine,1
nans1propan2yloxycarbonyloxyethyl6s7s722amino13thiazol4yl2methoxyiminoacetylamino3methoxymethyl8oxo5thia1azabicyclo420oct2ene2carboxylate,1
quinagoliduminnlatin,1
sceliprolol,0
lisinopril,0
nank08,1
fominoben,0
flupentixol,0
tamoxifen,1
heptabarb,1
buclizine,1
denbufylline,1
cefotiam,0
ribavirin,1
zinc1150,1
unii6mdc25lqsrcomponentwtbqlhrvrkxspxmnovxskesan,1
tazomeline,1
pramiracetam,1
nefiracetam,1
carbromal,1
nndimethylcathinone,1
theobromine37dimethylxanthine,1
spermine,0
hydrazinoalcohol,1
trospium,1
retazepine,1
propargylalcohol,1
troxipide,0
alpertine,1
sulfapyridine,0
alnespirone,1
fenquizone,0
nhexyl22diphenylacetamide,1
phenylntertbutylnitronecid10313352,1
spazinaclone,1
dcka,0
metolazone,0
schembl9424925,0
hydroxyphenamateoxyfenamate,1
nitazoxanide,0
zinc22463019,1
cefuzonam,0
schembl2301780,1
phenylbutazone,1
isopromethazine,1
zinc26892366,0
hydroflumethiazide,0
telithromycin,0
chembl3351107,0
equilin,0
colestipol,0
tirapazamine,0
dazadrol,1
iodoquinol,0
flutemazepam,1
pentane,1
tandospirone,1
sfexofenadine,0
zinc252444101,1
carburazepam,1
nanchlorobenzotrifluoride,1
nevirapine,1
nsc116069,0
thc,1
nans3sn2methyl6propan2yloxy13benzothiazol5ylmethyl2phenylpiperidin3amine,1
nanepigemcitabinegemcitabineimpurity,0
methyl1s15s17s18s19s20s618dimethoxy17345trimethoxybenzoyloxy1311121415161718192021dodecahydroyohimban19carboxylate,1
gr89696fumarate,1
levobunolol,1
dtxsid801001097,0
zinc4214112,1
nsc269416,1
schembl9384285,1
digoxin,0
unii090de9crp1componentichhtomwwamjqpcybmujfwsan,1
scarbuterol,0
temocillinantibioticforculturemediauseonly,0
nans15s15amino1methyltricyclo751027pentadeca2735trien4ol,1
recinnamine,0
unii76444vie9p,1
nans72cyanomethylsulfanylacetylamino7methoxy31methyltetrazol5ylsulfanylmethyl8oxo5thia1azabicyclo420oct2ene2carboxylicacid,0
risoflurane,1
alfentanilrapifen,1
nantetrahydroquinoline,1
dehydrocholicacid,0
nanas7r7ar12bs9methoxy3methyl1245677a13octahydro412methanobenzofuro32eisoquinoline4a7diol,1
skb30npropylacetamide33npiperidinylmethylphenoxy,1
ldimethylamphetamine,1
schembl1006384,1
fludrocortisoneacetate,1
sabcomeline,1
tetrachloroethylene,1
letermovir,0
chlorzoxazone,1
mepenzolatebromide,0
altretamine,0
schembl11400364,1
benoxaprofen,0
saripidem,1
tetrahydropalmatine,1
uniiqzh7wr4vkj,1
femoxetine,1
raloxifene,0
nanr5s6r33dimethyl7oxo62r2phenoxypropanoylamino4thia1azabicyclo320heptane2carboxylicacid,0
schembl5966350,1
pidolacetamol,1
unii13go737hio,1
leflunomide,0
zinc256873410,1
zinc31297922,1
cefaloram,0
isothamineprofenamine,1
nans7r7e22amino13thiazol4yl4carboxybut2enoylamino8oxo5thia1azabicyclo420oct2ene2carboxylicacid,0
smazindol,1
nanomethylpafc,1
nsc277175,1
timobesoneacetate,1
succinylcholine,0
endrysoneendrisone,1
goserelin,0
zinc27644005,0
cefcaneldaloxate,0
methylcyclohexane,1
ritodrinehydrochloride,0
benzthiazide,0
zinc4626658,1
sazaquinzole,1
chembl1622721,0
pamidronate,0
u50488,1
phenformin,0
zinc58438005,1
mcule5010058438,0
albutoins,1
oxybutynin,0
chembl70543,0
dirithromycin,0
ram327,1
trichlormethiazide,0
chembl2068761,0
chembl147619,1
sorciprenaline,1
sulfonethylmethane,1
methoxyphedrine,0
pentostatin,1
betaxolol,1
nanbis4fluorophenylpropylpiperidin4yl1hbenzimidazol2one,1
norepinephrine,0
zinc426,1
flunitrazepam,1
lincomycin,0
benzylbenzoate,0
carminomycin,0
antibioticmx2,1
glisoxepide,0
mepyraminepyrilamine,1
cp99994,1
nanpropyl26pipecoloxylidide,1
cinoxacin,0
nantetrachloroethane,1
org13011,1
nanpnc,1
fenbufen,0
pirbenicillin,0
prednicarbate,1
clemastinum,1
aletaminealfetamine,1
schembl10031243,1
nandimethylbutane,1
betahistineyg14,1
trimethadione,1
rceliprolol,0
melperone,1
zfluvoxamine,1
methane,1
nandimethylhexyl6methylbicyclo430non2ylideneethylidene4methylenecyclohexan1ol,0
rnorfluoxetine,1
ro640802,0
alclofenac,0
droperidol,1
codeine,1
fluprazine,1
flutrimazole,0
zinc1999541,1
schembl7050625,1
edta,0
brotizolam,1
ergoloidmesylate,1
nandemethylepipodophyllotoxin946oethylidenebetadglucopyranoside,0
tifemoxone,1
betaoxycodol,1
pirandamine,1
morphinan3ol67didehydro45epoxy617dimethyl5alpha,1
pyrimethamine,1
sdonepezil,1
tafamidis,0
chembl1616512,1
metofenazate,1
nanoxo43trifluoromethoxyanilino6methyl3cyclohexene1carboxylicacidmethylester,1
schembl3299566,0
bretazenil,1
nans2rmetaraminol,0
naproxen,1
formestane,0
chembl420115,1
loreclezole,1
sulpiride,0
etryptamine,1
trimethobenzamide,1
fluotracen,1
etoxadrol,1
fosazepam,1
cefuroximeaxetil,0
aliskiren,0
cotriptyline,1
sarpogrelate,0
ticalopride,1
doxorubicinepirubicin,0
desoxymetasone,1
moxadolen,1
unii9lyo5fuo7p,1
oxiperomide,1
procyclidinehydrochloride,1
etozoline,0
fasoracetam,1
chlorotrianisene,0
cefditoren,0
thiotetrabarbital,1
schembl6789173,0
tranylcypromine,1
cefalonium,0
dyphylline,0
rofecoxibvioxx,1
isotretinoin13cisretinoicacid,1
methylnaltrexonebromide,0
dpdpe,1
tilidine,1
l838417,1
aztreonam,0
sulphasalazine,0
smephenytoin,1
indalpine,1
lercanidipine,0
dlpantothenicacid,0
clindamycinphosphate,0
lerythrochloramphenicol,1
cefetrizole,0
skf89124,1
xaliproden,1
saxamozide,1
methcillin,0
nandimethylcyclohexane,1
ibuprofen,1
r74fluorobenzylamino8methylnonanoicacid,1
nandocosanol,0
timobesone,1
proscillaridina,0
maraviroc,0
triacetyl6azauridine,0
lorpiprazole,1
rnorfenefrine,0
ifenprodil,1
dimercaprol,0
zinc1851098,0
flerobuterol,1
napactadinehydrochloride,1
halazepam,1
malathion,0
fernisone,1
loteprednoletabonate,1
aspartame,0
cormethasoneacetatecormetasoneacetate,1
oxyphenonium,0
bqc3mqi0hr,1
pentylacetate,1
chloroprednisoneacetate,1
zinc40163458,1
ceftioxide,0
norethindrone,0
cholecalciferol,0
pivmecillinam,0
prednival,1
prednisolamate,1
schembl13121805,1
elfazepam,1
nifuroxazide,0
nans9r72r4r6s4amino6methyloxan2yloxy6911trihydroxy92hydroxyacetyl4methoxy810dihydro7htetracene512dione,0
guanidine,0
octamoxin,1
nandichloroethaneethylidenechloride,1
chembl70762,1
nanethoxy423methyl12piperidin1ylphenylbutylamino2oxoethylbenzoicacid,0
zinc11616623,0
neamineneomycin,0
srofelodine,1
azaloxan,1
bervastatin,1
thiazesim,1
remikiren,0
mesoridazine,1
fipexide,1
midecamycin,0
unii057sf9c1uzcomponentzadjrrfmooachlwrbweijpsan,1
terguride,1
acebutolol,1
liv21,1
salprenolol,1
hexoprenaline,0
tz11,1
salbutamol,0
nandimethyl7oxo62phenoxypropanoylamino4thia1azabicyclo320heptane2carboxylicacid,0
nans5s33dimethyl65methyl3phenyl12oxazole4carbonylamino7oxo4thia1azabicyclo320heptane2carboxylicacid,0
soxaflozane,1
uniil2gwr3us1gcomponentqqwlxnmppfcvcdsecbinfhsan,1
tolterodine,0
lexithromycin,0
hydroxyzine,1
carbenzide,1
cyclocort,1
nanmethyl1butanol,1
schembl11521900,0
fluradoline,1
vincristine,0
loviscol,0
zinc100014943,1
chembl2024514,1
acrylonitrile,1
levopropoxyphene,1
rimonabant,1
meropenem,0
meclorisone,1
spiclomazine,1
methylparafynol,1
guamecycline,0
nanamino33amino6aminomethyl34dihydro2hpyran2yloxy6ethylamino2hydroxycyclohexyl3deoxy4cmethyl3methylaminopentopyranoside,0
nans6s7as4acetyloxymethyl13methylbutanoyloxyspiro67adihydro1hcyclopentacpyran72oxirane6yl3acetyloxy3methylbutanoate,1
betazole,0
meprednisone,1
schembl7358680,1
trioxsalen,0
tenilsetam,1
zinc5141713,1
nanbromocytisine,1
nanscis335trimethylcyclohexylester5oxolproline,1
allobarbital,1
brn0626697,1
leuprolide,0
adatanserin,1
rofelodine,1
sb204457,0
cesamet,1
lortalamine,1
forasartan,0
amlexanox,0
brifentanil,1
dihydrostreptomycin,0
shexobarbital,1
ralpiropride,1
faropenem,0
etidronicacid,0
gr89696,1
dabelotine,1
roletamide,1
pirfenidone,0
dimethylamphetamine,1
clothixamide,1
cathinone,1
phendimetrazine,1
hyoscyamine,1
cefoperazoneimpurityf,0
ncistruc1000794,1
naphazoline,0
schembl10974577,0
tigemonam,0
pyrithione,0
histaminephosphate,0
rosoxacin,0
amifostine,0
lapatinib,0
xylazine,1
sm9018freebase,1
atorvastatin,0
sthalidomide,1
bethanechol,0
uniilkz81zc6tn,1
n33cyano12dihydropyrazolo15apyrimidin7ylphenylnethylacetamide,1
cgs19755,1
bisorcic,1
buspirone,1
metoprolol,1
furosemide,0
gentamicinc1a,0
methylsphenylrpiperidin2ylacetate,1
metazocine,1
isocarboxazid,1
octocrylene,0
nans3acetyloxymethyl8oxo72phenylacetylamino5thia1azabicyclo420oct2ene2carboxylicacid,0
betameprodine,1
unii52o0w2o5se,1
bromoform,1
brl53080,1
mafenide,0
schembl19681909,1
mepiprazole,1
soxamniquine,1
nanqju,1
prednylidene,1
pentiapine,1
carbenoxolone,0
mycophenolatemofetil,0
s74fluorobenzylamino8methylnonanoicacid,1
phenobarbital,1
taurosteine,0
chembl62879,1
triazolam,1
medifoxamine,1
sipatrigine,1
unii80o018lgcicomponentcmebtcwurhmceehnayvobhsan,1
allomethadione,1
cefotaxime,0
nanr2s24fluorophenylcyclopropan1amine,1
schembl6958891,1
tofenacin,1
ciprocinonide,1
disopyramide,0
z22chloro104methylpiperazin1yl5hdibenzoad7annulen5ylideneacetonitrile,1
unii3042he9he8,1
lysuride,1
amcinonide,1
nanr4ar5ar6r12as4dimethylamino16101112apentahydroxy6methyl312dioxonpyrrolidin1ylmethyl44a55atetrahydrotetracene2carboxamide,0
darunavir,0
nanchloro22difluoroethylene,1
chembl515025,1
northioridazine,1
chembl246597,1
bromopride,1
chembl251953,1
methsuximidemesuximide,1
takle1sb590885,1
ornidazole,1
avanafil,0
schembl13198079,1
metaclazepam,1
ethylbiscoumacetate,0
rsabeluzole,1
levodopa,1
nanr9s9amino9acetyl72deoxybetaderythropentopyranosyloxy78910tetrahydro611dihydroxynaphthacene512dione,0
cartazolate,1
flurbiprofen,0
zinc3830475,0
bz3,1
mycophenolicacid,0
zidovudine,1
arbekacin,0
repinotan,1
cgp37849,1
methyclothiazide,0
roxaflozane,1
nimodipine,1
i444cyanophenoxymethylpiperidineniodoallyl,1
skbh,0
halcinonide,1
thiothixenetiotixene,1
betacarotene,0
sfuromazine,1
fosinopril,0
dicarbine,1
sr05000001633,0
zinc1999513,1
clofarabine,0
tarcevaerlotinib,1
cube2,0
nefopam,1
alentemol,1
fomepizole,0
yridine,1
cyamemazine,1
nanethyl5heptyl13diazinane246trione,1
griseofulvin,0
nandeoxy2o2deoxy2methylaminohexopyranosyl3chydroxymethylpentofuranosyloxy256trihydroxycyclohexane13diyldiguanidine,0
cyanidin3oglucoside,1
heroindiacetylmorphine,1
desmopressin,0
zinc403682,1
allopregnanolone,1
tocainide,0
fluanisone,1
cinperene,1
zinc1999271,1
nand,1
proflavine,0
ivermectin,1
etisulergine,1
methyltestosterone,0
pdsp1001538,1
dichloromethane,1
ethionamide,1
nanr72z22amino13thiazol4yl2methoxyiminoacetylamino3z24methyl13thiazol5ylethenyl8oxo5thia1azabicyclo420oct2ene2carboxylicacid,0
laninamiviroctanoate,0
spiclamine,1
rbromisoval,1
oxybuprocaine,0
unii1p93to196zcomponentsswatjqizbuqqzqmmmgpobsan,1
ak01050732,0
ceftiofur,0
rifamexil,0
schembl7481790,1
diproleandomycin,0
pipobroman,0
penfluridol,1
bifonazole,0
minocycline,1
pemetrexed,0
nans3sn5methoxy23dihydro1benzofuran7ylmethyl2phenylpiperidin3amine,1
xanthiol,1
nanmethylnonane,1
antazoline,0
schembl1041963,1
betamethasoneacetate,1
metopimazine,1
skf93319,0
quinidinequinine,1
ethchlorvynol,1
fenaperone,1
nancarboxymethylenebut2en4olide,1
etorphine,1
schembl2177081,0
dycloninehydrochloride,0
clofexamide,1
chembl18101,1
atenolol,0
amprenavir,1
cintriamide,1
chembl481689,1
tertbutylbenzene,1
schembl8768620,0
cefoxazole,0
sfenoprofen,1
omeprazole,1
ft0668754,1
s3benzoyloxyquinuclidine,1
nanoctyl5ethylbarbituricacid,1
hepzidine,1
rizatriptan,1
nandideoxycytidinezalcitabine,0
methylprednisoloneacetate,1
schembl15974503,1
norgalanthamine,1
mdl63246,0
einecs2556300,1
zorubicin,0
metamfepramone,1
schembl13902941,1
bilastine,0
unii29nc2p836i,1
temafloxacin,0
deprodone,1
zinc13783337,0
nortriptyline,1
ritipenemsodium,0
phentermine,1
lhyoscyamine,1
indatraline,1
zinc5447609,1
reserpine,1
scarbocloral,1
apaxifylline,0
ticarcillin,1
mazapertinesuccinate,1
smirabegron,1
sadenosyllmethionine,1
aprepitant,1
amphotericinb,0
menthol,0
doxibetasol,1
erythromycinethylcarbonate,0
chembl222944,1
zinc3831470,0
uniif4er8z6q3ucomponentftjlktblzoulclgosisdbhsan,1
escitalopram,1
netilmicin,0
nonane,1
trepipamtrimopam,1
mannitol,0
methimazole,0
camphore,1
nanpyrrolidinedione1methyl3phenyl3s,1
fenaclon,1
prazosin,1
distigmine,0
ezlopitant,1
fenclofenac,1
akos015955743,1
ici199441,1
schembl33857,0
stiripentolmi,1
tofisoline,1
iomazenil,1
disulfiram,0
nandiisopropylamino1phenylpropyl4hydroxymethylphenylisobutyrate,1
fluperolone,1
pibrentasvir,0
chembl1950329,0
lisoascorbicacid,1
ilaprazole,0
nanr5r6s65r5amino5carboxypentanoylamino33dimethyl7oxo4thia1azabicyclo320heptane2carboxylicacid,0
tazarotene,0
dexnafenodone,1
triamcinolone,0
oxaprozin,0
ly2066948,1
bupropionzyban,1
amiperone,1
zinc2041240,1
estrone,0
rp60180,1
guanabenz,0
zinc2019916,1
tropapride,1
dipipanone,1
pfizercompound19,1
methastyridone,1
zinc100042150,1
uniix10241g2na,1
fluphenazineenanthate,1
dtxsid201000603,1
carbubarb,1
uniiciy2383wvz,1
zinc8214362,1
doxylamine,1
mezilamine,1
metyrosine,0
chembl1161461,0
nans2s1hydroxy1phenylpropan2ylamino13methoxyphenylpropan1one,1
isoxepac,1
pefloxacin,1
nafimidone,1
naniodonnisopropylmxylenediamine,1
diclometide,1
