name,label,split
crotetamide,1,TRAIN
imiclopazine,1,TRAIN
isopentylacetate,1,TRAIN
brotizolam,1,TRAIN
dimeprozan,1,TRAIN
theophylline,1,TRAIN
zinc1319936,1,TRAIN
arbekacin,0,TRAIN
nanohrisperidone,1,TRAIN
cyprodenate,1,TRAIN
ltrofosfamide,1,TRAIN
atenolol,0,TRAIN
piribedil,1,TRAIN
reboxetine,1,TRAIN
chembl2367794,1,TRAIN
ac1mmxuk,0,TRAIN
tebipenem,0,TRAIN
sulbenicillin,0,TRAIN
ritipenem,0,TRAIN
diproleandomycin,0,TRAIN
n2amino5phenylphenyl44methylpiperazin1ylmethylbenzamide,1,TRAIN
repaglinide,0,TRAIN
prestwick07a03,0,TRAIN
ciclotizolam,1,TRAIN
hesperetin,0,TRAIN
stomoxetine,1,TRAIN
strihexyphenidyl,1,TRAIN
mls006011441,0,TRAIN
chlormezanone,1,TRAIN
ketazocine,1,TRAIN
naltrexonehcl,1,TRAIN
ridogrel,1,TRAIN
uldazepam,1,TRAIN
schembl4729007,0,TRAIN
zinc3830519,1,TRAIN
enprazepine,1,TRAIN
letermovir,0,TRAIN
pazinaclone,1,TRAIN
quinpirole,1,TRAIN
dexamisole,1,TRAIN
paramorfan,1,TRAIN
n41s1hydroxy2propan2ylaminoethylphenylacetamide,1,TRAIN
sb201708,1,TRAIN
loprazolam,1,TRAIN
nanmethyldihydromorphinone,1,TRAIN
amitriptylinoxide,1,TRAIN
diphemanil,0,TRAIN
alphameprodinebetameprodine,1,TRAIN
rrivastigmine,1,TRAIN
eprosartan,0,TRAIN
zinc9710,1,TRAIN
dibenzepin,1,TRAIN
revospirone,1,TRAIN
monoctanoin,0,TRAIN
saprisartan,0,TRAIN
schembl2015784,0,TRAIN
chembl4085956,1,TRAIN
cefsumide,0,TRAIN
eticyclidine,1,TRAIN
gramicidinj2,0,TRAIN
chembl243571,1,TRAIN
proxyphylline,1,TRAIN
dexamethasone21acetate,1,TRAIN
rdiethylpropion,1,TRAIN
medrysone,1,TRAIN
lacidipine,1,TRAIN
clopenthixol,1,TRAIN
clomethiazole,1,TRAIN
pipradrol,1,TRAIN
pibrentasvir,0,TRAIN
lidocaine,1,TRAIN
ncgc0001661701,1,TRAIN
schembl19961204,1,TRAIN
lamivudine,0,TRAIN
vinylbital,1,TRAIN
duoperone,1,TRAIN
schembl4854536,0,TRAIN
tymazoline,0,TRAIN
levotofisopam,1,TRAIN
mefenidil,1,TRAIN
betazole,0,TRAIN
neflumozide,1,TRAIN
apropovir,0,TRAIN
uniiu73hjz98fz,0,TRAIN
allomethadione,1,TRAIN
levacetylmethadol,1,TRAIN
ribuprofen,1,TRAIN
ncgc0001664901,1,TRAIN
veralipride,1,TRAIN
ziprasidone,1,TRAIN
cefalotin,0,TRAIN
zinc3830661,1,TRAIN
sbendroflumethiazide,1,TRAIN
prednisolonetebutate,1,TRAIN
chembl1253612,1,TRAIN
schembl9754126,0,TRAIN
unii8poy3umu73,1,TRAIN
ac1nfq3w,1,TRAIN
ftormetazine,1,TRAIN
centazolone,1,TRAIN
nanchloro4methyl14dihydroquinazolin2amine,1,TRAIN
diphoxazide,1,TRAIN
hydro2hpyran2yloxy7methoxy35791113hexame,0,TRAIN
azathioprine,0,TRAIN
westcort,1,TRAIN
nivacortol,1,TRAIN
ketobemidone,1,TRAIN
uniirr2f99e79b,1,TRAIN
unii3042he9he8,1,TRAIN
loteprednol,1,TRAIN
rethotoin,1,TRAIN
talopram,1,TRAIN
nandipropan2yloxypropan2yloxymethyl36dihydropurin2amine,1,TRAIN
uniih61chr8d70,1,TRAIN
mupirocin,0,TRAIN
zinc1999439,0,TRAIN
zinc8214362,1,TRAIN
lercanidipine,0,TRAIN
smiconazole,1,TRAIN
nimodipine,1,TRAIN
febarbamate,1,TRAIN
propylthiouracil,0,TRAIN
cytisine,0,TRAIN
epinastine,1,TRAIN
cyclandelate,0,TRAIN
selegiline,1,TRAIN
flubepride,1,TRAIN
schembl3457748,1,TRAIN
fluprednisolonevalerate,1,TRAIN
schembl1649910,1,TRAIN
schembl18133072,1,TRAIN
zinc3830475,0,TRAIN
cefoselis,0,TRAIN
thialbarbital,1,TRAIN
litracen,1,TRAIN
mesoethambutol,1,TRAIN
itraconazole,1,TRAIN
hydrochlorothiazide,0,TRAIN
pirandamine,1,TRAIN
demecycline,0,TRAIN
malathion,0,TRAIN
nanr9s9amino9acetyl72deoxybetaderythropentopyranosyloxy78910tetrahydro611dihydroxynaphthacene512dione,0,TRAIN
phenolphthalein,0,TRAIN
azithromycin,0,TRAIN
nanbromocytisine,1,TRAIN
nanr2s24fluorophenylcyclopropan1amine,1,TRAIN
compound5d,1,TRAIN
etretinate,0,TRAIN
uniig4px8c4hkv,1,TRAIN
cyclothiazide,0,TRAIN
dutasteride,0,TRAIN
fenaclon,1,TRAIN
dichloromethane,1,TRAIN
besp,1,TRAIN
gr94839b,0,TRAIN
lmannitol,0,TRAIN
zoloperone,1,TRAIN
propantheline,0,TRAIN
desmonomethylpromazine,1,TRAIN
schembl2006478,0,TRAIN
fluvastatin,1,TRAIN
schembl13875663,1,TRAIN
noscapine,1,TRAIN
zinc100268098,1,TRAIN
ipodate,0,TRAIN
profexalone,1,TRAIN
iomazenil,1,TRAIN
mesocarb,1,TRAIN
sulfamerazine,0,TRAIN
piquindone,1,TRAIN
nanepiminocycline,1,TRAIN
hexapropymate,1,TRAIN
nanchlorophenylpiperazine,1,TRAIN
cp107,0,TRAIN
miloxacin,1,TRAIN
nanbisacetyloxy161methylpiperidinium1yl2piperidin1ylandrostane,0,TRAIN
thymidinealphaalphatrifluoro,0,TRAIN
dronabinol,1,TRAIN
schembl43268,1,TRAIN
betamethadol,1,TRAIN
schembl8639797,1,TRAIN
nanas7r7ar12bs9methoxy3methyl1245677a13octahydro412methanobenzofuro32eisoquinoline4a7diol,1,TRAIN
chembl239975,1,TRAIN
dtxsid801001097,0,TRAIN
phacetoperane,1,TRAIN
spiperone,1,TRAIN
milrinone,0,TRAIN
dexnafenodone,1,TRAIN
zinc8035456,0,TRAIN
vorozole,1,TRAIN
n24dimethylphenyl13dimethylimidazolidin2imine,0,TRAIN
carfecillin,0,TRAIN
saminoglutethimide,1,TRAIN
lamphetamine,1,TRAIN
ciprazafone,1,TRAIN
scrotetamide,1,TRAIN
misoprostol,1,TRAIN
trimethadione,1,TRAIN
satigrel,0,TRAIN
lcystine,0,TRAIN
clomipramine,1,TRAIN
alphaprodine,1,TRAIN
sunitinib,1,TRAIN
ladenosine,1,TRAIN
berythromycin,0,TRAIN
taclamine,1,TRAIN
zinc1843140,1,TRAIN
felodipine,0,TRAIN
carperone,1,TRAIN
mefeclorazine,1,TRAIN
ketanserin,1,TRAIN
trometamol,0,TRAIN
clobetasone,1,TRAIN
fluoromisonidazole,1,TRAIN
moxadolen,1,TRAIN
nisoxetine,1,TRAIN
chembl344991,1,TRAIN
phenoxypropazine,1,TRAIN
penamecillin,0,TRAIN
unii2v4m6abh0v,1,TRAIN
maraviroc,0,TRAIN
sr05000001633,0,TRAIN
schembl4812946,0,TRAIN
nanamino92hydroxyethoxymethyl69dihydro1hpurine,1,TRAIN
xylene,1,TRAIN
chembl306438,0,TRAIN
l005144,1,TRAIN
delorazepam,1,TRAIN
nandihydroxyphenyl57dihydroxy32s3s4s5s6s345trihydroxy6hydroxymethyloxan2yloxychromen4one,0,TRAIN
org30526,1,TRAIN
rilmazafone,1,TRAIN
chembl151192,0,TRAIN
nisoldipine,0,TRAIN
irinotecan,0,TRAIN
diclofensine,1,TRAIN
zinc263584296,1,TRAIN
diazepam,1,TRAIN
zinc4534031,0,TRAIN
schembl12537969,1,TRAIN
nanchloro9fluoro1117dihydroxy16methylpregna14diene320dione,1,TRAIN
befunolol,0,TRAIN
pivoxazepam,1,TRAIN
nasalide,1,TRAIN
vesamicol,1,TRAIN
chembl3577583,1,TRAIN
amesergide,1,TRAIN
hexafluronium,0,TRAIN
mizoribine,0,TRAIN
tropapride,1,TRAIN
cgp39551,1,TRAIN
carburazepam,1,TRAIN
chembl372312,1,TRAIN
anisopirol,1,TRAIN
piroxicam,0,TRAIN
xylometazoline,0,TRAIN
ofloxacin,1,TRAIN
chembl358151,1,TRAIN
jhw007,1,TRAIN
benzoylmethylecgonine,1,TRAIN
ketamine,1,TRAIN
dtxsid201000603,1,TRAIN
aminophenazone,1,TRAIN
rhydroxyzine,1,TRAIN
fluradoline,1,TRAIN
axamozide,1,TRAIN
metazocine,1,TRAIN
amrubicin,0,TRAIN
nans9r10s11r13s14s16r17s9fluoro11hydroxy172hydroxyacetyl101316trimethyl78111214151617octahydro6hcyclopentaaphenanthren3one,1,TRAIN
amethopterin,0,TRAIN
nanpropyl26pipecoloxylidide,1,TRAIN
nndimethylcathinone,1,TRAIN
alosetron,0,TRAIN
xantocillin,0,TRAIN
phenformin,0,TRAIN
schembl3297328,0,TRAIN
zinc212,1,TRAIN
pirlindole,1,TRAIN
propikacin,0,TRAIN
zometapine,1,TRAIN
zinc58482484,1,TRAIN
nalidixicacid,1,TRAIN
nanbutyl2hydroxymethylpiperidine345triol,1,TRAIN
nans4as7ar12br3methyl244a5677a13octahydro1h412methanobenzofuro32eisoquinolin9ol,1,TRAIN
schembl156228,1,TRAIN
carteolol,1,TRAIN
iclazepam,1,TRAIN
nhexyl22diphenylacetamide,1,TRAIN
lthiamphenicol,1,TRAIN
doxefazepam,1,TRAIN
levorphanol,1,TRAIN
schembl1240370,1,TRAIN
brl52974,0,TRAIN
amelometasone,1,TRAIN
biotin,1,TRAIN
acetaminosalol,1,TRAIN
tocris1622,1,TRAIN
acetanilide,1,TRAIN
imidafenacin,0,TRAIN
uniiw30o8i2c4v,1,TRAIN
amcinonide,1,TRAIN
mepenzolate,0,TRAIN
clodazon,1,TRAIN
ncgc0001692801,0,TRAIN
pyrithyldione,1,TRAIN
rcarbocloral,1,TRAIN
fursultiamine,1,TRAIN
acn036954,1,TRAIN
schembl4942866,1,TRAIN
mechlorethamine,0,TRAIN
azelaicacid,0,TRAIN
nans15s15amino1methyltricyclo751027pentadeca2735trien4ol,1,TRAIN
zinc2009531,0,TRAIN
benperidol,1,TRAIN
pdsp1001647,1,TRAIN
modrastane,0,TRAIN
nans1methyl16azatetracyclo76102701015hexadeca246101214hexaene,1,TRAIN
cefaparole,0,TRAIN
cabergoline,1,TRAIN
mw015188wh,1,TRAIN
ncgc0016456001,1,TRAIN
enilospirone,1,TRAIN
chloroprednisone,1,TRAIN
mls000678252,0,TRAIN
furbucillin,0,TRAIN
biriperone,1,TRAIN
nedocromil,0,TRAIN
regadenoson,0,TRAIN
eqvalan,0,TRAIN
mianserin,1,TRAIN
crotamiton,0,TRAIN
nsc116069,0,TRAIN
tiotidine,0,TRAIN
halazepam,1,TRAIN
drotebanol,1,TRAIN
schembl20904174,1,TRAIN
thiazesim,1,TRAIN
deanol,1,TRAIN
rimonabant,1,TRAIN
cefuroximeaxetil,0,TRAIN
cholesterol318o,1,TRAIN
deflazacort,1,TRAIN
anabet,1,TRAIN
nanhydroxytryptophan,1,TRAIN
terbinafine,1,TRAIN
valdetamide,1,TRAIN
levallorphan,1,TRAIN
etamocycline,0,TRAIN
heptane,1,TRAIN
gemazocine,1,TRAIN
carumonam,0,TRAIN
cas58855,1,TRAIN
cilomilast,1,TRAIN
schembl10760133,0,TRAIN
roxoperone,1,TRAIN
amedalin,1,TRAIN
cube10,0,TRAIN
org4428,1,TRAIN
zinc100232307,1,TRAIN
adefovir,0,TRAIN
etoxadrol,1,TRAIN
relpentazocine,1,TRAIN
entecavir,0,TRAIN
clorgiline,1,TRAIN
dipipanone,1,TRAIN
nanar9r10as7methyl66a891010ahexahydro4hindolo43fgquinolin9yl11diethylurea,1,TRAIN
otilonium,0,TRAIN
indatraline,1,TRAIN
zinc40476855,1,TRAIN
isovincamine,0,TRAIN
ralpiropride,1,TRAIN
thioridazine,1,TRAIN
metoserpate,1,TRAIN
tetrahydropalmatine,1,TRAIN
zinc3604292,1,TRAIN
methylphenidate,1,TRAIN
benmoxin,1,TRAIN
lirequinil,1,TRAIN
nystatin,0,TRAIN
nimesulide,0,TRAIN
fursutiamine,1,TRAIN
iminophenimide,1,TRAIN
indometacin,0,TRAIN
chembl12325,0,TRAIN
zinc1677753,1,TRAIN
ncistruc1000794,1,TRAIN
azaloxan,1,TRAIN
bms184111,1,TRAIN
moclobemide,1,TRAIN
schembl6567051,0,TRAIN
lenapenem,0,TRAIN
cyprazepam,1,TRAIN
clobutinol,0,TRAIN
roxaflozane,1,TRAIN
tertbutylcyclohexane,1,TRAIN
nanthienyl2alphamethylcyclohexan1betaylpiperidine,1,TRAIN
unii6c18xmp3df,1,TRAIN
zinc34220987,1,TRAIN
pinoxepin,1,TRAIN
catenulin,0,TRAIN
cbzepo,1,TRAIN
tiopronin,0,TRAIN
oxifentorex,1,TRAIN
zinc4213203,1,TRAIN
nanethylcrotonoylurea,1,TRAIN
benznidazole,0,TRAIN
schembl7358680,1,TRAIN
tiprdcka,1,TRAIN
clopenthixolzuclopenthixol,1,TRAIN
ethylene,1,TRAIN
temelastine,0,TRAIN
zinc426,1,TRAIN
chembl33994,0,TRAIN
medroxyprogesterone,0,TRAIN
lortalamine,1,TRAIN
clotixamide,1,TRAIN
nebivolol,1,TRAIN
fluocortolone,1,TRAIN
flurazepam,1,TRAIN
rlorazepam,1,TRAIN
ibutilide,0,TRAIN
thioperamide,1,TRAIN
sorafenib,1,TRAIN
dezinamide,1,TRAIN
schembl6707709,1,TRAIN
uniijv86y0civf,0,TRAIN
nuo8nhr7wb,1,TRAIN
iopamidol,0,TRAIN
zinc2020011,1,TRAIN
nans3s4s5s21r2r3s4r6s46diamino32s3s6r3amino6aminomethyloxan2yloxy2hydroxycyclohexyloxy5methyl4methylaminooxane35diol,0,TRAIN
albendazole,1,TRAIN
ribavirin,1,TRAIN
halopemide,1,TRAIN
uniim40on86qx2,1,TRAIN
methylprednisoloneacetate,1,TRAIN
methoxyphedrine,0,TRAIN
binospirone,1,TRAIN
raltitrexed,0,TRAIN
desonide,1,TRAIN
buclizine,1,TRAIN
desoxymetasone,1,TRAIN
tiomergine,1,TRAIN
argatroban,0,TRAIN
exemestane,0,TRAIN
zinc100042150,1,TRAIN
rtemazepam,1,TRAIN
oxyridazine,1,TRAIN
sabeluzole,1,TRAIN
chloralose,1,TRAIN
l015600,1,TRAIN
hexachlorophene,0,TRAIN
amodiaquine,0,TRAIN
schembl27178,0,TRAIN
flutazolam,1,TRAIN
epalrestat,0,TRAIN
diosmin,0,TRAIN
dlthyroxine,0,TRAIN
bunitrolol,1,TRAIN
gw406381,1,TRAIN
nans2aminon2s3r4r6s3hydroxy2methyl61s3r3512trihydroxy32hydroxyacetyl10methoxy611dioxo24dihydro1htetracen1yloxyoxan4yl4methylpentanamide,0,TRAIN
aspartame,0,TRAIN
zinc2539624,1,TRAIN
piflutixol,1,TRAIN
meclocycline,0,TRAIN
tiospirone,1,TRAIN
levosimendan,0,TRAIN
zinc486,0,TRAIN
soretolide,1,TRAIN
leflornithine,1,TRAIN
ncgc0001689701,0,TRAIN
nadifloxacin,0,TRAIN
nylidrin,0,TRAIN
schembl4492294,1,TRAIN
medifoxamine,1,TRAIN
fludrocortisoneacetate,1,TRAIN
quipazine,1,TRAIN
s122,1,TRAIN
nitrazepam,1,TRAIN
fosazepam,1,TRAIN
alphacetylmethadol,1,TRAIN
deprodone,1,TRAIN
umespirone,1,TRAIN
smephenytoin,1,TRAIN
apaxifylline,0,TRAIN
temazepam,1,TRAIN
nanr4as10as3diethylsulfamoylamino6hydroxy1propyl344a51010ahexahydro2hbenzogquinoline,1,TRAIN
pirmenol,0,TRAIN
morphine,1,TRAIN
chloroquine,1,TRAIN
felbamate,1,TRAIN
schembl12202591,1,TRAIN
benserazide,0,TRAIN
mesoridazine,1,TRAIN
acalabrutinib,0,TRAIN
chlorazepate,1,TRAIN
cefedrolor,0,TRAIN
urethane,1,TRAIN
fludarabinephosphate,0,TRAIN
dihydrostreptomycin,0,TRAIN
nanchloro4propylbenzene,0,TRAIN
smethylisothiourea,1,TRAIN
enttestosterone,1,TRAIN
ft0661485,1,TRAIN
fluocortin,1,TRAIN
nanar9r10ar9dimethylsulfamoylamino47dimethyl66a891010ahexahydroindolo43fgquinoline,1,TRAIN
succinylsulfathiazole,0,TRAIN
ranisopirol,1,TRAIN
biosone,0,TRAIN
dsstoxcid28699,1,TRAIN
aminopromazine,1,TRAIN
dofetilide,0,TRAIN
pinacidil,0,TRAIN
lofentanil,1,TRAIN
nanaminopiperidin1yl7but2yn1yl3methyl14methylquinazolin2ylmethyl1hpurine263h7hdione,0,TRAIN
zinc6019931,1,TRAIN
lorazepam,1,TRAIN
iodoquinol,0,TRAIN
zinc1542594,1,TRAIN
aloracetam,1,TRAIN
perindopril,0,TRAIN
sarecycline,0,TRAIN
mirfentanil,1,TRAIN
nanamino2aminomethyl646diamino23dihydroxycyclohexyloxyoxane34diol,0,TRAIN
glycopyrrolate,0,TRAIN
zinc100232310,1,TRAIN
inaperisone,1,TRAIN
pazopanib,1,TRAIN
leflunomide,0,TRAIN
pemoline,1,TRAIN
zinc299805743,0,TRAIN
methazolamide,0,TRAIN
fludara,0,TRAIN
fasudil,1,TRAIN
roxithromycin,0,TRAIN
uniiwjm15a06j6,1,TRAIN
nansn26dichlorophenyl25dihydro1himidazol2amine,1,TRAIN
schembl1704876,0,TRAIN
benazepril,0,TRAIN
fenbufen,0,TRAIN
nanaminopyridine,1,TRAIN
stanozolol,0,TRAIN
fluocinonide,1,TRAIN
bumetanide,0,TRAIN
zinc40017477,1,TRAIN
physostigmine,1,TRAIN
clotrimazole,0,TRAIN
benzamide,1,TRAIN
acrylonitrile,1,TRAIN
benztropine,1,TRAIN
meclofenoxate,1,TRAIN
butriptyline,1,TRAIN
etazepine,1,TRAIN
lexithromycin,0,TRAIN
vemurafenib,0,TRAIN
chembl68870,1,TRAIN
hydrocortisonebuteprate,1,TRAIN
lomefloxacin,0,TRAIN
efetozole,1,TRAIN
mepartricin,0,TRAIN
epervudine,0,TRAIN
azabuperone,1,TRAIN
temoporfin,0,TRAIN
normorphine,1,TRAIN
nanr3s4s5r6r2aminomethyl61r2r3s4r6s46diamino32s3r4s5s6r4amino35dihydroxy6hydroxymethyloxan2yloxy2hydroxycyclohexyloxyoxane345triol,0,TRAIN
fenoldopam,0,TRAIN
hydroxypethidine,1,TRAIN
ao33,1,TRAIN
trimethoprim,1,TRAIN
fasiplon,1,TRAIN
erythrogran,0,TRAIN
zinc5973244,1,TRAIN
fenimide,1,TRAIN
diacetylthiamine,1,TRAIN
benzaprinoxide,1,TRAIN
cortisol,1,TRAIN
minaprine,1,TRAIN
piberaline,1,TRAIN
elegas,1,TRAIN
ft0668653,0,TRAIN
febuxostat,0,TRAIN
tamolarizine,1,TRAIN
schembl10363005,0,TRAIN
cephaloglycin,0,TRAIN
methoxyflurane,1,TRAIN
virginiamycinfactorm1,0,TRAIN
schembl5330212,0,TRAIN
zinc100025275,0,TRAIN
ralitoline,1,TRAIN
atolide,1,TRAIN
kitasamycin,0,TRAIN
metaglycodol,1,TRAIN
metitepinemethiothepin,1,TRAIN
temocapril,0,TRAIN
akos024419646,1,TRAIN
pipofezine,1,TRAIN
dimethylamphetamine,1,TRAIN
valinomycin,0,TRAIN
moricizine,0,TRAIN
spirilene,1,TRAIN
ftorpropazine,1,TRAIN
nicocortonida,1,TRAIN
testosterone,1,TRAIN
betameprodine,1,TRAIN
tioperidone,1,TRAIN
nanalphatestosterone,1,TRAIN
nelfinavir,1,TRAIN
auxeomycin,0,TRAIN
furfenorex,1,TRAIN
zolpidem,1,TRAIN
sameridine,1,TRAIN
triamcinoloneacetonide,1,TRAIN
losindole,1,TRAIN
nialamide,1,TRAIN
schembl8481524,0,TRAIN
lansoprazole,0,TRAIN
nmethylthiazoliumdcka,1,TRAIN
ethosuximide,1,TRAIN
nanb,1,TRAIN
ro657674,1,TRAIN
triclonide,1,TRAIN
schembl6227762,1,TRAIN
nandichloroindazol1ylethanamine,1,TRAIN
sbb079053,0,TRAIN
almecillin,0,TRAIN
miltefosine,0,TRAIN
hydroxychloroquine,0,TRAIN
zinc19168143,1,TRAIN
besipirdine,1,TRAIN
nuclotixene,1,TRAIN
adatanserin,1,TRAIN
demexiptiline,1,TRAIN
nanphenylcyclopentanamine,1,TRAIN
fluticasone,1,TRAIN
mls000756415,0,TRAIN
raminopromazine,1,TRAIN
chembl2068761,0,TRAIN
schembl10974577,0,TRAIN
propyphenazone,0,TRAIN
nikethamide,1,TRAIN
nandichloroethane,1,TRAIN
doliracetam,1,TRAIN
clorotepine,1,TRAIN
imipraminoxide,1,TRAIN
dichlormezanone,1,TRAIN
prucalopride,1,TRAIN
proxibarbal,1,TRAIN
zinc26892366,0,TRAIN
pristinamycinic,0,TRAIN
clazolam,1,TRAIN
calcidiol,0,TRAIN
dlarterenol,0,TRAIN
bunazosin,0,TRAIN
snicardipine,0,TRAIN
nanethyl2hydroxy52spentan2yl13diazinane46dione,1,TRAIN
lodaxaprine,1,TRAIN
s3benzoyloxyquinuclidine,1,TRAIN
tamsulosin,0,TRAIN
maprotiline,1,TRAIN
schembl618214,0,TRAIN
didanosine,0,TRAIN
dpdpe,1,TRAIN
famotidine,1,TRAIN
pac1,1,TRAIN
schembl122122,1,TRAIN
unii9lyo5fuo7p,1,TRAIN
schembl6253205,1,TRAIN
liv20a,1,TRAIN
ethomoxane,1,TRAIN
compound9,0,TRAIN
nanr9s10r17cyclopropylmethyl3hydroxy17azatetracyclo7530110027heptadeca2735trien13one,1,TRAIN
cefuzonam,0,TRAIN
benzobarbital,1,TRAIN
telithromycin,0,TRAIN
etoposide,0,TRAIN
phentolamine,0,TRAIN
sulfathiazole,0,TRAIN
dexmethylphenidate,1,TRAIN
lopacr0758,1,TRAIN
disopyramide,0,TRAIN
glisolamide,0,TRAIN
indapamide,0,TRAIN
fosfomycin,1,TRAIN
alimemazine,1,TRAIN
dienestrol,0,TRAIN
lcycloserine,1,TRAIN
quetiapine,1,TRAIN
zinc31544969,1,TRAIN
gramicidinb,0,TRAIN
cp29,1,TRAIN
rifametane,0,TRAIN
zinc4213470,1,TRAIN
unii0663ol43pk,1,TRAIN
tetracycline,0,TRAIN
ciprofibrate,0,TRAIN
mk0969,1,TRAIN
nalorphine,1,TRAIN
damotepine,1,TRAIN
thonzonium,0,TRAIN
venlafaxine,1,TRAIN
ar1d9859,1,TRAIN
dothiepin,1,TRAIN
tandamine,1,TRAIN
nsc382927,1,TRAIN
doxycycline,0,TRAIN
besonprodil,1,TRAIN
chembl308915,0,TRAIN
ioflupane,1,TRAIN
nanr1methylpiperidin2ylethyl2methylsulfanyl10hphenothiazine,1,TRAIN
oxilorphan,1,TRAIN
resocortol,1,TRAIN
chembl68852,1,TRAIN
acetyldigitoxin,0,TRAIN
schembl1588339,1,TRAIN
pentamoxane,1,TRAIN
schembl8844528,1,TRAIN
zinc2031526,1,TRAIN
chembl420115,1,TRAIN
divaplon,1,TRAIN
etifoxine,1,TRAIN
rifamide,0,TRAIN
uniithb9t1jz6c,1,TRAIN
sprofenamine,1,TRAIN
l838417,1,TRAIN
chembl8197,1,TRAIN
fludrocortisone,1,TRAIN
y16,1,TRAIN
cefodizime,0,TRAIN
clinofibrate,0,TRAIN
ipratropium,0,TRAIN
lubeluzole,1,TRAIN
schembl614,1,TRAIN
spectrum001092,1,TRAIN
endixaprine,1,TRAIN
prothipendyl,1,TRAIN
zinc5116499,1,TRAIN
bupropion,1,TRAIN
dibucaine,0,TRAIN
norfenefrine,0,TRAIN
erythromycin,0,TRAIN
ocinaplon,1,TRAIN
miconazole,0,TRAIN
nandiazaspiro55undecan3ylbenzonitrile,0,TRAIN
oxomemazine,1,TRAIN
oxandrolone,0,TRAIN
rallomethadione,1,TRAIN
naftifine,0,TRAIN
nanepipravastatin,0,TRAIN
flufenamic,0,TRAIN
tenoxicam,0,TRAIN
valrubicin,0,TRAIN
zinc1531027,1,TRAIN
nizofenone,1,TRAIN
dimercaprol,0,TRAIN
bbcpd17,0,TRAIN
chembl239299,1,TRAIN
telmisartan,0,TRAIN
schembl2301780,1,TRAIN
zinc4212927,1,TRAIN
gr94839f,0,TRAIN
chembl2139953,0,TRAIN
dibudipine,1,TRAIN
pdsp1001740,1,TRAIN
entrotigotine,1,TRAIN
schembl1232177,1,TRAIN
tripyrolidine,1,TRAIN
pirazolac,0,TRAIN
schembl37920,0,TRAIN
rpraziquantel,1,TRAIN
cetohexazine,1,TRAIN
methyltestosterone,0,TRAIN
valpromide,1,TRAIN
lesopitron,1,TRAIN
nitrofurantoin,0,TRAIN
dimesone,1,TRAIN
flomoxef,0,TRAIN
mephobarbitalmethylphenobarbital,1,TRAIN
ceftiolene,0,TRAIN
lorcinadol,1,TRAIN
cyheptamide,1,TRAIN
nanhpyrido34bindole,1,TRAIN
mosapramine,1,TRAIN
zinc3830565,1,TRAIN
unii6m09zns9d1,1,TRAIN
tocris1588,1,TRAIN
ceftibuten,0,TRAIN
zinc36378557,0,TRAIN
ethylbenzene,1,TRAIN
eberconazole,0,TRAIN
diphenylpyraline,1,TRAIN
romergoline,1,TRAIN
mppf,1,TRAIN
phenothiazine,1,TRAIN
srolipram,1,TRAIN
chembl481689,1,TRAIN
rufinamide,1,TRAIN
zinc13282290,1,TRAIN
vindesine,0,TRAIN
altretamine,0,TRAIN
tigemonam,0,TRAIN
gr89696pr,1,TRAIN
flumethasoneflumetasoneanddiflorasone,1,TRAIN
ram327,1,TRAIN
metaraminol,0,TRAIN
pentazocine,1,TRAIN
candesartan,0,TRAIN
carbimazole,0,TRAIN
isocodeine,1,TRAIN
zinc100045075,0,TRAIN
tegaserod,0,TRAIN
nanr126dimethylphenoxypropan2amine,1,TRAIN
bioepiderm,1,TRAIN
ks00000jxh,1,TRAIN
digoxin,0,TRAIN
remacemide,1,TRAIN
nanchlorobenzotrifluoride,1,TRAIN
dexamethasone,1,TRAIN
chembl106345,1,TRAIN
betamethasonebenzoate,1,TRAIN
medetomidine,1,TRAIN
unii5359i0ru7w,1,TRAIN
schembl10033978,0,TRAIN
chlorprothixene,1,TRAIN
chembl71237,0,TRAIN
fluotracen,1,TRAIN
zinc2007119,1,TRAIN
norflurane,1,TRAIN
rtrimeprazine,1,TRAIN
nans4s5s6r11fluoro4hydroxymethyl10imino37dioxa19diazatricyclo640026dodeca811dien5ol,1,TRAIN
diclofenac,0,TRAIN
procainamide,0,TRAIN
ak01050732,0,TRAIN
cp24,1,TRAIN
zinc607947,1,TRAIN
virginiamycinfactors1,0,TRAIN
tafamidis,0,TRAIN
atorvastatin,0,TRAIN
pregnenolonesuccinate,1,TRAIN
schembl15367478,0,TRAIN
dihydrocodeine,1,TRAIN
isopromethazine,1,TRAIN
ergotamine,0,TRAIN
bexarotene,0,TRAIN
n1s5s8benzyl8azabicyclo321octan3yl23dimethoxybenzamide,1,TRAIN
fenmetozole,1,TRAIN
zinc136464202,0,TRAIN
josamycin,0,TRAIN
piroximone,1,TRAIN
niacin,0,TRAIN
gramicidins2,0,TRAIN
unii37z869546b,1,TRAIN
nandihydronaphthalen2ylmethylideneimidazolidine,1,TRAIN
fenoterol,0,TRAIN
fepitrizol,1,TRAIN
carpipramine,1,TRAIN
oxymorphone,1,TRAIN
zinc1481926,1,TRAIN
melphalan,1,TRAIN
cep1347,1,TRAIN
lomustine,1,TRAIN
erythromycinethylcarbonate,0,TRAIN
chembl239099,1,TRAIN
lormetazepam,1,TRAIN
proc19m,1,TRAIN
spiclamine,1,TRAIN
anisotropine,0,TRAIN
omeprazole,1,TRAIN
thiacetazone,0,TRAIN
elopiprazole,1,TRAIN
homopipramol,1,TRAIN
uniiv8qoe2rz8v,1,TRAIN
nanhydroxyalphamethyldltyrosine,0,TRAIN
meptazinol,1,TRAIN
isosorbid2nitrat,1,TRAIN
amdinocillinpivoxil,0,TRAIN
schembl3731467,0,TRAIN
asimadoline,1,TRAIN
zinc25547986,1,TRAIN
ozagrel,0,TRAIN
bervastatin,1,TRAIN
nans4as8asntertbutyl22s3s2hydroxy33hydroxy2methylbenzoylamino4phenylsulfanylbutyl344a56788aoctahydro1hisoquinoline3carboxamide,0,TRAIN
metronidazole,1,TRAIN
trimopam,1,TRAIN
chembl2024515,1,TRAIN
chembl3085528,1,TRAIN
odapipam,1,TRAIN
sbromisoval,1,TRAIN
lamotrigine,1,TRAIN
nandimethylaminoethylamino17demethoxygeldamycin,1,TRAIN
tenebrimycin,0,TRAIN
dichlorphenamide,0,TRAIN
propiomazine,1,TRAIN
chembl3351107,0,TRAIN
prideperone,1,TRAIN
methylcyclopentane,1,TRAIN
mitomycine,0,TRAIN
tetrachloroethylene,1,TRAIN
pivenfrine,0,TRAIN
uniiqzh7wr4vkj,1,TRAIN
ticabesonepropionate,1,TRAIN
oleandomycin,0,TRAIN
polythiazide,0,TRAIN
lapatinib,0,TRAIN
cefuroxim,0,TRAIN
xaliproden,1,TRAIN
besifloxacin,0,TRAIN
uk240455,0,TRAIN
ethchlorvynol,1,TRAIN
phthalylsulfathiazole,0,TRAIN
cloticasone,1,TRAIN
zinc169293457,1,TRAIN
diphenhydramine,1,TRAIN
milacemide,1,TRAIN
uniiw239u04yz5,1,TRAIN
caffeine,1,TRAIN
tobicillin,0,TRAIN
lidoflazine,0,TRAIN
sulazepam,1,TRAIN
schembl8480395,0,TRAIN
meropenem,0,TRAIN
risperidone,1,TRAIN
enflurane,1,TRAIN
zotepine,1,TRAIN
rolipram,1,TRAIN
selexipag,0,TRAIN
gr91272,1,TRAIN
lymecycline,0,TRAIN
chloralodol,1,TRAIN
nanhexadecanol,0,TRAIN
nans2s1hydroxy1phenylpropan2ylamino13methoxyphenylpropan1one,1,TRAIN
uniibsk5epo7d3,1,TRAIN
shalothane,1,TRAIN
voglibose,0,TRAIN
nanr13r14r17s17hydroxy13methyl3oxo126781112141516decahydrocyclopentaaphenanthren17ylacetonitrile,1,TRAIN
succimer,0,TRAIN
isoetharine,0,TRAIN
beloxepin,1,TRAIN
butaclamol,1,TRAIN
dexamethasoneacetate,1,TRAIN
rtrifluomeprazine,1,TRAIN
flumoxonide,1,TRAIN
glycerol,1,TRAIN
chembl33216,1,TRAIN
etorphine,1,TRAIN
schembl6949318,1,TRAIN
fluphenazineenanthate,1,TRAIN
schembl5869149,1,TRAIN
pecazine,1,TRAIN
lintrain45,1,TRAIN
imatinib,0,TRAIN
etamiphyllin,1,TRAIN
bromoform,1,TRAIN
nanmethyl9pyridin2ylsulfanylmethyl66a89tetrahydro4hindolo43fgquinoline,1,TRAIN
menatetrenone,0,TRAIN
tropisetron,1,TRAIN
uniis4yrd0f99v,1,TRAIN
pinaverium,0,TRAIN
zinc3871931,0,TRAIN
chembl319301,1,TRAIN
methcillin,0,TRAIN
ecabet,0,TRAIN
endomide,1,TRAIN
ncgc0018310101,1,TRAIN
piritramide,1,TRAIN
tolonidine,1,TRAIN
letrozole,0,TRAIN
clidinium,0,TRAIN
premazepam,1,TRAIN
rtrimipramine,1,TRAIN
pyridarone,1,TRAIN
hydroflumethiazide,0,TRAIN
forasartan,0,TRAIN
cericlamine,1,TRAIN
diacetylnalorphine,1,TRAIN
fluocortinbutyl,1,TRAIN
skba,1,TRAIN
schembl4936924,0,TRAIN
schembl19923339,1,TRAIN
nefopam,1,TRAIN
pirbenicillin,0,TRAIN
benoxaprofen,0,TRAIN
hydrocortisoneacetate,1,TRAIN
cyproximideciproximide,1,TRAIN
prolintane,1,TRAIN
granisetron,1,TRAIN
cyclophosphamide,0,TRAIN
chembl3527030,1,TRAIN
trifluperidol,1,TRAIN
chembl492193,1,TRAIN
nandiethoxybenzyl67diethoxy34dihydroisoquinoline,0,TRAIN
chembl105013,1,TRAIN
bdbm86527,1,TRAIN
cortivazol,1,TRAIN
liv21,1,TRAIN
romifidine,1,TRAIN
zinc1530605,0,TRAIN
fenquizone,0,TRAIN
nanpyrimidinylpiperazine,1,TRAIN
levothyroxine,0,TRAIN
conorfone,1,TRAIN
tetrahydrobiopterin,0,TRAIN
clemeprol,1,TRAIN
dihydroergotamine,0,TRAIN
uniii47khr6imv,1,TRAIN
dichloroacetate,1,TRAIN
pelrinone,1,TRAIN
cerivastatin,1,TRAIN
estropipate,0,TRAIN
idebenone,1,TRAIN
chembl222944,1,TRAIN
binedaline,1,TRAIN
sulfacytine,0,TRAIN
acipimox,1,TRAIN
zinc72266854,0,TRAIN
fenclofenac,1,TRAIN
cefrotil,0,TRAIN
darifenacin,1,TRAIN
ramedalin,1,TRAIN
esorubicin,0,TRAIN
schembl9781915,0,TRAIN
oxaprotiline,1,TRAIN
oxazepam,1,TRAIN
nannonene,1,TRAIN
nans3s11bsbenzquinamide,1,TRAIN
chembl476130,1,TRAIN
nanbutanol,1,TRAIN
pristinamycinia,0,TRAIN
chembl1935446,1,TRAIN
schembl157330,1,TRAIN
acemetacin,0,TRAIN
levoxadrol,1,TRAIN
schembl6947600,1,TRAIN
cloticasonepropionate,1,TRAIN
distigmine,0,TRAIN
mls002694856,0,TRAIN
ft0774985,0,TRAIN
desomorphine,1,TRAIN
s121,1,TRAIN
haloperidol,1,TRAIN
chembl285367,1,TRAIN
rizatriptan,1,TRAIN
raloxifene,0,TRAIN
cropropamide,1,TRAIN
zinc252444101,1,TRAIN
prulifloxacin,0,TRAIN
myrophine,1,TRAIN
nanohtiq,1,TRAIN
sabcomeline,1,TRAIN
nans3sn5methoxy23dihydro1benzofuran7ylmethyl2phenylpiperidin3amine,1,TRAIN
tertbutylmethylether,1,TRAIN
nane3e23bis4hydroxyphenylmethylidenebutanedinitrile,0,TRAIN
nafimidone,1,TRAIN
bentazepam,1,TRAIN
fluspiperone,1,TRAIN
erizepine,1,TRAIN
terazosin,0,TRAIN
pramiracetam,1,TRAIN
nifuroxazide,0,TRAIN
carbromal,1,TRAIN
cefotetan,0,TRAIN
compound10b,1,TRAIN
gyki52466,1,TRAIN
fosphenytoin,1,TRAIN
etravirine,0,TRAIN
nanepimetacycline,0,TRAIN
flutrimazole,0,TRAIN
nandimethyl22methylphenyliminoimidazolidine,0,TRAIN
zetidoline,1,TRAIN
deserpidine,1,TRAIN
slicarbizine,1,TRAIN
ceforanide,0,TRAIN
schembl10031243,1,TRAIN
soxamniquine,1,TRAIN
prazosin,1,TRAIN
cloprednol,1,TRAIN
tepirindole,1,TRAIN
cloxacillin,0,TRAIN
ceftazidime,1,TRAIN
stavudine,1,TRAIN
phenoxymethylpenicillin,0,TRAIN
hopantenicacid,1,TRAIN
cloroperone,1,TRAIN
schembl11400364,1,TRAIN
chembl69942,0,TRAIN
ceftetrame,0,TRAIN
irbesartan,0,TRAIN
elacridar,0,TRAIN
etozolin,0,TRAIN
ranitidine,0,TRAIN
alclometasone,1,TRAIN
sterazosin,1,TRAIN
nanethyl5isopentyl56dihydropyrimidine241h3hdione,1,TRAIN
uniiji5fv0wa1n,1,TRAIN
hydralazine,0,TRAIN
bromodiphenhydramine,1,TRAIN
zinc2045117,1,TRAIN
spazinaclone,1,TRAIN
intriptyline,1,TRAIN
quilostigmine,1,TRAIN
lobeline,1,TRAIN
dactinomycin,0,TRAIN
nitrocycline,0,TRAIN
chembl405969,1,TRAIN
amoxicillin,0,TRAIN
daledalin,1,TRAIN
guanoxyfen,1,TRAIN
sanisopirol,1,TRAIN
spiroxepin,1,TRAIN
nitrendipine,0,TRAIN
scopolamine,1,TRAIN
tizanidine,1,TRAIN
rcolchicine,0,TRAIN
ft0697029,1,TRAIN
ophthalmadine,0,TRAIN
perhexiline,0,TRAIN
fosinopril,0,TRAIN
betaxolol,1,TRAIN
ceftriaxone,1,TRAIN
rgallopamil,1,TRAIN
sulthiamesultiame,1,TRAIN
petrichloral,1,TRAIN
cefuracetime,0,TRAIN
nanr9r13s113dimethyl102phenylethyl10azatricyclo731027trideca2735trien4ol,1,TRAIN
tianeptine,1,TRAIN
brl52537,1,TRAIN
nandibromo16dideoxyhexitol,0,TRAIN
betamethasoneacibutate,1,TRAIN
ibuprofen,1,TRAIN
ctk8i5337,0,TRAIN
nanacetamido2deoxyglucose,0,TRAIN
cafedrine,1,TRAIN
moxiraprine,1,TRAIN
metoxepin,1,TRAIN
astemizole,1,TRAIN
zinc29747105,0,TRAIN
sulpiride,0,TRAIN
mequinol,0,TRAIN
triflubazam,1,TRAIN
vocamine,0,TRAIN
imipenem,0,TRAIN
ifosfamide,0,TRAIN
ctk7d0972,1,TRAIN
floctafenine,0,TRAIN
pipequaline,1,TRAIN
clonazepam,1,TRAIN
methanol,1,TRAIN
cyclocort,1,TRAIN
chloramphenicol,0,TRAIN
zinc651,0,TRAIN
chembl304504,0,TRAIN
proxorphan,1,TRAIN
fluoromethalone,1,TRAIN
d2galactosamine,0,TRAIN
sbicalutamide,1,TRAIN
triamterene,0,TRAIN
nicocortonide,1,TRAIN
chlorphenoxamine,1,TRAIN
cefazedone,0,TRAIN
norverapamil,1,TRAIN
misonidazolefluoro,1,TRAIN
sulphasalazine,0,TRAIN
chembl1742950,0,TRAIN
nandimethyl1piperazinylpropylcarbazole,1,TRAIN
etrabamine,1,TRAIN
schembl1643537,1,TRAIN
naphazoline,0,TRAIN
zinc4214115,1,TRAIN
chloroserpidine,1,TRAIN
schembl11222377,1,TRAIN
schembl13121805,1,TRAIN
sorciprenaline,1,TRAIN
ziprdopap2,1,TRAIN
dimemorfan,1,TRAIN
dichlorisone,1,TRAIN
sbethanechol,0,TRAIN
ticarcillin,1,TRAIN
uniiciy2383wvz,1,TRAIN
tolufazepam,1,TRAIN
zinc669,1,TRAIN
desipramine,1,TRAIN
cefcapene,0,TRAIN
soxazepam,1,TRAIN
fludroxycortide,1,TRAIN
levoprotiline,1,TRAIN
hydrocodone,1,TRAIN
algestoneacetonide,1,TRAIN
sertaconazole,0,TRAIN
bufenadrine,1,TRAIN
budesonide,1,TRAIN
edrophoniumchloride,0,TRAIN
theobromine,1,TRAIN
bisbentiamine,1,TRAIN
sbi0051468p003,0,TRAIN
zinc66348754,1,TRAIN
danitracen,1,TRAIN
busulfan,1,TRAIN
amphetamine,1,TRAIN
minocycline,1,TRAIN
pheniprazine,1,TRAIN
chembl88330,1,TRAIN
oxolinic,0,TRAIN
acebutolol,1,TRAIN
schembl2177081,0,TRAIN
isopropicillin,0,TRAIN
amphenidone,1,TRAIN
dextromepromazine,1,TRAIN
rescinnamine,1,TRAIN
aee788,1,TRAIN
lhyoscyamine,1,TRAIN
ramelteon,1,TRAIN
supidimide,1,TRAIN
estramustine,0,TRAIN
doxepin,1,TRAIN
perflutren,0,TRAIN
talinolol,0,TRAIN
schembl6439453,1,TRAIN
zinc253586540,1,TRAIN
clobetasol,1,TRAIN
methoxsalen,0,TRAIN
zinc660,1,TRAIN
procinonide,1,TRAIN
nans224dichlorophenyl2124triazol1ylmethyl13dioxolan4ylmethoxyphenyl4propan2ylpiperazine,0,TRAIN
schembl5783301,1,TRAIN
chembl401446,1,TRAIN
chembl351286,1,TRAIN
morsuximide,1,TRAIN
nanmethylheptane,1,TRAIN
zinc31297922,1,TRAIN
flutoprazepam,1,TRAIN
pbromospiperone,1,TRAIN
oxymetazoline,0,TRAIN
akos015955743,1,TRAIN
metaclazepam,1,TRAIN
amtolmetin,0,TRAIN
clotiazepam,1,TRAIN
naniodo4aminophenyl6hydroxybenzothiazole,1,TRAIN
carvotroline,1,TRAIN
proquazone,0,TRAIN
zinc3977873,0,TRAIN
nandimethylcyclohexane,1,TRAIN
fluorescein,0,TRAIN
paroxetine,1,TRAIN
cefpirome,0,TRAIN
pagoclone,1,TRAIN
chembl71529,0,TRAIN
dihydroheterocodeine,1,TRAIN
mivacuriumchloride,0,TRAIN
unii38m8s7hxew,1,TRAIN
y17,1,TRAIN
talampicillin,0,TRAIN
valtrate,1,TRAIN
levophenacylmorphan,1,TRAIN
oxitriptyline,1,TRAIN
methiomeprazinelevometiomeprazine,1,TRAIN
nmethylspiperone,1,TRAIN
omiloxetine,1,TRAIN
zinc1678256,1,TRAIN
schembl6230996,1,TRAIN
sulfonmethane,1,TRAIN
zinc5320256,1,TRAIN
cc279,1,TRAIN
oxyphenonium,0,TRAIN
unii5efs516hk3,1,TRAIN
hydrocortamate,1,TRAIN
nanr5s35dimethyl1adamantanamine,1,TRAIN
methyldesorphine,1,TRAIN
fluoxetine,1,TRAIN
labetalol,0,TRAIN
nr2phenylbutanoylurea,1,TRAIN
alddc,1,TRAIN
bopindolol,0,TRAIN
ticalopride,1,TRAIN
indalpine,1,TRAIN
lysuride,1,TRAIN
cromoglicicacid,0,TRAIN
cefmenoxime,0,TRAIN
sematilide,0,TRAIN
skbf,0,TRAIN
nsc256439,0,TRAIN
methitural,1,TRAIN
chembl430170,1,TRAIN
uniia6vhz79d4o,1,TRAIN
mifepristone,0,TRAIN
clioquinol,0,TRAIN
mesna,1,TRAIN
schembl14616863,0,TRAIN
bromocytisine,1,TRAIN
benzoctamine,1,TRAIN
nanmethylsulfanyl1023spiperidin3ylethylphenothiazine,1,TRAIN
troleandomycin,0,TRAIN
jnj2408068,1,TRAIN
phenytoin,1,TRAIN
zinc33903606,1,TRAIN
schembl417203,0,TRAIN
clindamycin,0,TRAIN
mesulergine,1,TRAIN
trametinib,0,TRAIN
aspoxicillin,0,TRAIN
etilefrine,0,TRAIN
bromisoval,1,TRAIN
mirisetron,1,TRAIN
e25nitrofuran2ylmethylenehydrazinecarboxamide,0,TRAIN
cytarabine,1,TRAIN
triclodazol,1,TRAIN
delavirdine,0,TRAIN
thiethylperazine,1,TRAIN
crilvastatin,1,TRAIN
pirfenidone,0,TRAIN
neomycin,0,TRAIN
telmesteine,0,TRAIN
nsc606170,0,TRAIN
diazoxide,0,TRAIN
alclometasonedipropionate,1,TRAIN
b049,1,TRAIN
zinc1999415,1,TRAIN
chembl72048,0,TRAIN
cycloleucine,1,TRAIN
rmequitazine,1,TRAIN
ertugliflozin,0,TRAIN
saccharin,1,TRAIN
alclofenac,0,TRAIN
saminopromazine,1,TRAIN
proflavine,0,TRAIN
zorubicin,0,TRAIN
guamecycline,0,TRAIN
cogazocine,1,TRAIN
schembl4918415,1,TRAIN
dextromethadone,1,TRAIN
meclorisonemeclorisonedibutyrate,1,TRAIN
chembl433033,1,TRAIN
erythrityl,0,TRAIN
glycine,1,TRAIN
dmannitol,0,TRAIN
ezogabine,1,TRAIN
clindamycinphosphate,0,TRAIN
betastreptozocin,0,TRAIN
estriol,0,TRAIN
clobetasonebutyrate,1,TRAIN
nemonapride,1,TRAIN
schembl11034921,1,TRAIN
fluvoxamine,1,TRAIN
renanolone,1,TRAIN
sparfloxacin,1,TRAIN
ethotoin,1,TRAIN
chlorobutanol,1,TRAIN
cefminox,0,TRAIN
pioglitazone,0,TRAIN
nnorcodeine,1,TRAIN
schembl6228490,1,TRAIN
furazolidone,0,TRAIN
oxaliplatin,0,TRAIN
indomethacin,0,TRAIN
cefozopran,0,TRAIN
hexapradol,1,TRAIN
buthiazide,0,TRAIN
l701324,0,TRAIN
trihexyphenidyl,1,TRAIN
dextrorphan,1,TRAIN
schembl8717354,1,TRAIN
b096,1,TRAIN
paraxanthine,1,TRAIN
atazanavir,0,TRAIN
thozalinone,1,TRAIN
mecloralurea,1,TRAIN
axitinib,0,TRAIN
nanr4ar7ar12bs4ahydroxy9methoxy3methyl24567a13hexahydro1h412methanobenzofuro32eisoquinolin7one,1,TRAIN
ethambutol,0,TRAIN
cinromide,1,TRAIN
ajmaline,0,TRAIN
nandimethyl57dihydro4hpurine26dione,1,TRAIN
schembl6245268,0,TRAIN
schembl3731937,0,TRAIN
sflurocarazolol,1,TRAIN
imiquimod,0,TRAIN
propazepine,1,TRAIN
perospirone,1,TRAIN
monometacrine,1,TRAIN
cyclofenil,0,TRAIN
cadralazine,1,TRAIN
cyproheptadine,1,TRAIN
tamoxifen,1,TRAIN
sceliprolol,0,TRAIN
unii76444vie9p,1,TRAIN
amphotericinb,0,TRAIN
ilotycin,0,TRAIN
n34dichlorophenyln1s2s2dimethylaminocyclopentylpropanamide,1,TRAIN
y12,0,TRAIN
fipexide,1,TRAIN
n35dimethylaminomethylfuran2ylsulfanylpropylnmethyl2nitroethanimidamide,0,TRAIN
toloxychlorinol,1,TRAIN
desciclovir,1,TRAIN
dupracetam,1,TRAIN
acrocinonide,1,TRAIN
zinc21981359,1,TRAIN
etryptamine,1,TRAIN
nanfluoroantipyrine,1,TRAIN
zinc14649463,1,TRAIN
schembl6695569,1,TRAIN
nanbis4fluorophenylpropylpiperidin4yl1hbenzimidazol2one,1,TRAIN
taurolidine,0,TRAIN
butorphanol,1,TRAIN
dicarbine,1,TRAIN
viqualine,1,TRAIN
ivoqualine,1,TRAIN
lenperone,1,TRAIN
camazepam,1,TRAIN
rilmenidine,0,TRAIN
triamcinolonebenetonide,1,TRAIN
nanepiampicillin,0,TRAIN
cephacetrile,0,TRAIN
penimocycline,0,TRAIN
schembl8989330,1,TRAIN
naniodophenyl4isopropylpiperazine,1,TRAIN
aclarubicin,0,TRAIN
tetrantoin,1,TRAIN
promoxolane,1,TRAIN
pyrene,1,TRAIN
homprenorphine,1,TRAIN
voriconazole,0,TRAIN
pericyazine,1,TRAIN
ft0668754,1,TRAIN
saxagliptin,0,TRAIN
setodolac,0,TRAIN
desloratadine,0,TRAIN
zinc5062865,1,TRAIN
modafinil,1,TRAIN
triaconazole,0,TRAIN
nans2s2phenylcyclopentanamine,1,TRAIN
zinc1693020,1,TRAIN
midodrine,0,TRAIN
sthalidomide,1,TRAIN
nanalphamethyldihydrotestosterone,0,TRAIN
schembl20840151,0,TRAIN
sitagliptin,0,TRAIN
sulmepride,1,TRAIN
schembl27910,0,TRAIN
thebacon,1,TRAIN
tofisoline,1,TRAIN
ddopa,0,TRAIN
paraldehyde,1,TRAIN
schembl144284,1,TRAIN
schembl13091350,1,TRAIN
fosenazide,1,TRAIN
sremoxipride,1,TRAIN
racivir,0,TRAIN
pentobarbital,1,TRAIN
dopamantine,1,TRAIN
isometheptene,1,TRAIN
trandolapril,0,TRAIN
elanzepine,1,TRAIN
smianserin,1,TRAIN
toprilidine,1,TRAIN
octocrylene,0,TRAIN
uniid8xjm5vp3f,1,TRAIN
terbutaline,1,TRAIN
soxprenolol,1,TRAIN
sr4688,1,TRAIN
schembl4036207,1,TRAIN
avizafone,1,TRAIN
metofenazate,1,TRAIN
flunitrazepam,1,TRAIN
schembl13026145,1,TRAIN
cefetametpivoxil,0,TRAIN
hydantoin,1,TRAIN
clobetasolpropionate,1,TRAIN
cilobamine,1,TRAIN
rbromisoval,1,TRAIN
nanas4a9dihydroxy3prop2enyl24567a13hexahydro1h412methanobenzofuro32eisoquinolin7one,1,TRAIN
isepamicin,0,TRAIN
dimethadione,1,TRAIN
oxytetracycline,0,TRAIN
gluconolactone,0,TRAIN
zinc11592639,0,TRAIN
azidamfenicol,1,TRAIN
nanr3s2ethyl3methylpentanamide,1,TRAIN
chembl1617862,0,TRAIN
cinfenine,1,TRAIN
chembl71323,1,TRAIN
isoproterenol,0,TRAIN
zinc2020042,0,TRAIN
pheneturide,1,TRAIN
rethosuximide,1,TRAIN
uniifz5449hjww,1,TRAIN
bishydroxylatedl663581,0,TRAIN
gacyclidine,1,TRAIN
endrysone,1,TRAIN
sanfetrinem,0,TRAIN
riluzole,1,TRAIN
gonadorelin,0,TRAIN
nanaminopropylphenol,0,TRAIN
mitotane,0,TRAIN
mephenytoin,1,TRAIN
aceperone,1,TRAIN
dimethindene,1,TRAIN
eclanamine,1,TRAIN
niaprazine,1,TRAIN
az599,0,TRAIN
endomid,1,TRAIN
dlcycloserine,1,TRAIN
schembl6578223,1,TRAIN
dm44,1,TRAIN
mefloquine,1,TRAIN
batelapine,1,TRAIN
survector,1,TRAIN
metaxalone,1,TRAIN
cefaclor,0,TRAIN
propranolol,0,TRAIN
pantoprazole,0,TRAIN
candoxatril,0,TRAIN
zinc671,1,TRAIN
naflocort,1,TRAIN
framycetin,0,TRAIN
chembl1616512,1,TRAIN
sarpogrelate,0,TRAIN
ethylloflazepate,1,TRAIN
desmethyldesipramine,1,TRAIN
ticagrelor,0,TRAIN
tisocromide,1,TRAIN
rprocyclidine,1,TRAIN
aprepitant,1,TRAIN
nanbromopropane,1,TRAIN
telbivudine,0,TRAIN
metharbital,1,TRAIN
lopacs159,1,TRAIN
sipatrigine,1,TRAIN
unii3d1adw989q,1,TRAIN
vinpocetine,1,TRAIN
bethanechol,0,TRAIN
irie16c,1,TRAIN
perimetazine,1,TRAIN
nans4as10as3diethylsulfamoylamino6hydroxy1propyl344a51010ahexahydro2hbenzogquinoline,1,TRAIN
tolbutamide,0,TRAIN
practolol,1,TRAIN
sertindole,1,TRAIN
sfuromazine,1,TRAIN
am36,1,TRAIN
phenprobamate,1,TRAIN
nanr9r10r13s14r17s13ethyl17ethynyl17hydroxy126789101112141516dodecahydrocyclopentaaphenanthren3one,1,TRAIN
meperidide,1,TRAIN
zinc22463019,1,TRAIN
chlorambucil,0,TRAIN
erythromycinethylsuccinate,0,TRAIN
memantine,1,TRAIN
zinc22942024,1,TRAIN
acitretin,0,TRAIN
dcka,0,TRAIN
piperacillin,1,TRAIN
stiripentol,1,TRAIN
rimexolone,1,TRAIN
zopiclone,1,TRAIN
tazarotene,0,TRAIN
cas36791045,1,TRAIN
afe,1,TRAIN
zinc33903721,1,TRAIN
tafenoquine,0,TRAIN
lisdexamfetamine,1,TRAIN
fenbenicillin,0,TRAIN
maroxepin,1,TRAIN
chembl2096766,1,TRAIN
schembl2108206,1,TRAIN
sprolintane,1,TRAIN
phenelzine,1,TRAIN
chembl62879,1,TRAIN
delergotrile,1,TRAIN
unii8n2p6k7x3j,1,TRAIN
cgs19755,1,TRAIN
ncgc0015946102,1,TRAIN
zidovudine,1,TRAIN
sbenmoxin,1,TRAIN
ft0696623,1,TRAIN
piretanide,1,TRAIN
sulfalene,0,TRAIN
omadacycline,0,TRAIN
naranol,1,TRAIN
uniixm8p5rbs8n,1,TRAIN
uniid6w2avh65e,1,TRAIN
isomethadone,1,TRAIN
nandiphenylbut1enylphenoxynndimethylethanamine,1,TRAIN
eserine,1,TRAIN
ifenprodil,1,TRAIN
smr000550494,1,TRAIN
chlormethiazole,1,TRAIN
zinc1481742,1,TRAIN
bevantolol,0,TRAIN
efavirenz,0,TRAIN
bremazocine,1,TRAIN
ls190695,0,TRAIN
schembl6230078,1,TRAIN
piriqualone,1,TRAIN
panadiplon,1,TRAIN
sirolimus,0,TRAIN
imipenem1wasser,0,TRAIN
schembl10264224,0,TRAIN
zalcitabine,1,TRAIN
descinolonedescinoloneacetonide,1,TRAIN
suriclone,1,TRAIN
cogoxin,0,TRAIN
fluocortolonecaproate,1,TRAIN
phenylntertbutylnitrone,1,TRAIN
fenadiazole,1,TRAIN
pentoxifylline,0,TRAIN
progesterone,1,TRAIN
cefetrizole,0,TRAIN
nandeoxy2o2deoxy2methylaminohexopyranosyl3chydroxymethylpentofuranosyloxy256trihydroxycyclohexane13diyldiguanidine,0,TRAIN
dm5,1,TRAIN
echothiophate,0,TRAIN
mannitol,0,TRAIN
cefoxazole,0,TRAIN
uniiz141n352wy,1,TRAIN
melitracen,1,TRAIN
ft0675704,0,TRAIN
triamcinolonefuretonide,1,TRAIN
zinc33854788,1,TRAIN
fluoxymesterone,0,TRAIN
metopon,1,TRAIN
bufotenine,0,TRAIN
fluocinolone,1,TRAIN
fenharmane,1,TRAIN
pentamidine,0,TRAIN
escitalopram,1,TRAIN
sfenoprofen,1,TRAIN
isoflurane,1,TRAIN
chembl2111136,1,TRAIN
sazaquinzole,1,TRAIN
dicethiamine,1,TRAIN
sankyo,1,TRAIN
pralidoxime,1,TRAIN
chembl71005,0,TRAIN
nandiethyl36ar9s7methyl466a7891010aoctahydroindolo43fgquinolin9ylurea,1,TRAIN
rmetamfepramone,1,TRAIN
levofloxacin,1,TRAIN
lornoxicam,1,TRAIN
verteporfin,0,TRAIN
levopromazine,1,TRAIN
zinc245204572,0,TRAIN
ft0770806,0,TRAIN
eltoprazine,1,TRAIN
schembl4820,0,TRAIN
cyamemazine,1,TRAIN
edta,0,TRAIN
adenine,0,TRAIN
ctk7d0713,0,TRAIN
pf2545920,1,TRAIN
soxiracetam,1,TRAIN
rnilvadipine,1,TRAIN
chembl251953,1,TRAIN
ica27243,1,TRAIN
schembl7256803,1,TRAIN
epoprostenol,0,TRAIN
chembl2115071,1,TRAIN
novobiocin,0,TRAIN
pidolacetamol,1,TRAIN
zinc40163079,1,TRAIN
carbenoxolone,0,TRAIN
nans8s9r10s11r13s14s16s17s69difluoro111617trihydroxy172hydroxyacetyl1013dimethyl6781112141516octahydrocyclopentaaphenanthren3one,1,TRAIN
antihistamine1,1,TRAIN
fluorometholone,1,TRAIN
schembl17756664,1,TRAIN
gemifloxacin,0,TRAIN
tametraline,1,TRAIN
dirithromycin,0,TRAIN
piminodine,1,TRAIN
allobarbital,1,TRAIN
drotaverine,1,TRAIN
schembl3118501,1,TRAIN
rphenprocoumon,1,TRAIN
penicillin,0,TRAIN
fludiazepam,1,TRAIN
phenoxybenzamine,0,TRAIN
akos024333779,1,TRAIN
schembl25227,1,TRAIN
nsc277175,1,TRAIN
nimetazepam,1,TRAIN
cholestyramine,0,TRAIN
bemetizide,0,TRAIN
eribulin,0,TRAIN
nanshex3yn2yl1methyl5prop2enyl13diazinane246trione,1,TRAIN
dipyrone,0,TRAIN
nans13s113dimethyl102phenylethyl10azatricyclo731027trideca2735trien4ol,1,TRAIN
seconazole,0,TRAIN
pimozide,1,TRAIN
prosulpride,1,TRAIN
retazepine,1,TRAIN
sibutramine,1,TRAIN
acmc20dhn6,1,TRAIN
halcinonide,1,TRAIN
trichlormethiazide,0,TRAIN
pyridazinone,1,TRAIN
oxyphencyclimine,0,TRAIN
zinc1692920,1,TRAIN
dapoxetine,1,TRAIN
chembl204958,1,TRAIN
zinc33647603,1,TRAIN
aceclofenac,0,TRAIN
schembl18309836,1,TRAIN
carfimate,1,TRAIN
zinc6318089,0,TRAIN
brinzolamide,0,TRAIN
bpsp,1,TRAIN
sulfamethizole,0,TRAIN
nanpentanone,1,TRAIN
rprofenamine,1,TRAIN
zinc9302321,0,TRAIN
repinotan,1,TRAIN
carbenzide,1,TRAIN
chembl1927026,1,TRAIN
nanfluoro1117dihydroxy101317trimethyl126781112141516decahydrocyclopentaaphenanthren3one,0,TRAIN
chembl68441,1,TRAIN
zinc3831470,0,TRAIN
uniixa2019ytu4,1,TRAIN
naloxone,1,TRAIN
schembl2109738,0,TRAIN
enalaprilat,0,TRAIN
eplerenone,0,TRAIN
penthrichloral,1,TRAIN
cefivitril,0,TRAIN
zolmitriptan,0,TRAIN
zinc3871892,0,TRAIN
oxetacillin,0,TRAIN
ractranssertraline,1,TRAIN
schembl448850,1,TRAIN
temsirolimus,1,TRAIN
nanmethylpropan1ol,1,TRAIN
saquinavir,1,TRAIN
propan1ol,1,TRAIN
rketorolac,0,TRAIN
formocortal,1,TRAIN
cysteamine,0,TRAIN
rolziracetam,1,TRAIN
schembl9734362,1,TRAIN
tofisopam,1,TRAIN
cortexolonecortodoxonecortifen,1,TRAIN
norepinephrine,0,TRAIN
schembl24949,1,TRAIN
mmv004168,1,TRAIN
phentermine,1,TRAIN
sb222200,1,TRAIN
nanphenylethylaminopropanenitrile,1,TRAIN
gefitinib,1,TRAIN
chembl2105588,1,TRAIN
dizocilpine,1,TRAIN
disodium6r7s742amino1carboxylato2oxoethylidene13dithietane2carbonylamino7methoxy31methyltetrazol5ylsulfanylmethyl8oxo5thia1azabicyclo420oct2ene2carboxylate,0,TRAIN
nandimethylbutane,1,TRAIN
cortisoneacetate,1,TRAIN
lofepramine,1,TRAIN
zinc2015281,0,TRAIN
tobramycin,0,TRAIN
thiamylal,1,TRAIN
cytarabin,1,TRAIN
zinc19362656,1,TRAIN
dalfopristin,0,TRAIN
ssibutramine,1,TRAIN
dehydroevodiamine,1,TRAIN
miglitol,0,TRAIN
chembl1190347,1,TRAIN
zinc12359050,1,TRAIN
nanhydroxymidazolam,1,TRAIN
lisinopril,0,TRAIN
acarbose,0,TRAIN
prazitone,1,TRAIN
litoxetine,1,TRAIN
sdoxazosin,1,TRAIN
chembl18101,1,TRAIN
difenoxin,0,TRAIN
metralindole,1,TRAIN
dlpanthenol,0,TRAIN
nanbromo3methylpyridin2ylbutylamino56methylpyridin3ylmethyl13diazinan4one,0,TRAIN
nitazoxanide,0,TRAIN
amifostine,0,TRAIN
etaqualone,1,TRAIN
loratadine,1,TRAIN
fenozolone,1,TRAIN
atibeprone,1,TRAIN
apramycin,0,TRAIN
rpropylhexedrine,1,TRAIN
nor1chlorpromazine,1,TRAIN
nanr3r11br21r67dimethoxy1234tetrahydroisoquinoline1ylmethyl3ethyl910dimethoxy1346711bhexahydro2hbenzoaquinolizine,0,TRAIN
rociclovir,1,TRAIN
amisulpride,1,TRAIN
oxaflumazine,1,TRAIN
esmirtazapine,1,TRAIN
sulfamethoxazole,1,TRAIN
tampramine,1,TRAIN
schembl9650920,0,TRAIN
ramipril,0,TRAIN
mebanazine,1,TRAIN
teicoplanin,0,TRAIN
cefpiramide,0,TRAIN
sulfadoxine,0,TRAIN
pethidine,1,TRAIN
bithionol,0,TRAIN
compounds16d,1,TRAIN
levocabastine,1,TRAIN
cetocycline,0,TRAIN
bromperidoldecanoate,1,TRAIN
quinacillin,0,TRAIN
fluspirilene,1,TRAIN
butacetin,1,TRAIN
halopredoneacetate,1,TRAIN
chembl305241,0,TRAIN
mephobarbitol,1,TRAIN
alnespirone,1,TRAIN
sitaxentan,0,TRAIN
b057,1,TRAIN
nbenzyl4r4aminomethylpyrrolidin2one,1,TRAIN
prednylidene,1,TRAIN
chembl1950329,0,TRAIN
cicortonide,1,TRAIN
epirubicin,0,TRAIN
penimocyclin,0,TRAIN
piracetam,1,TRAIN
sb271406,0,TRAIN
gloximonam,0,TRAIN
azimilide,1,TRAIN
duloxetine,1,TRAIN
fasoracetam,1,TRAIN
ciprocinonida,1,TRAIN
mitoxantrone,0,TRAIN
cephalexin,0,TRAIN
schembl614298,0,TRAIN
pyridoxal,0,TRAIN
perphenazine,1,TRAIN
cefamandole,0,TRAIN
sumacetamol,1,TRAIN
zimeldine,1,TRAIN
conorphoneconorfone,1,TRAIN
schembl2108102,1,TRAIN
nans4s13dimethyl4propylpiperidin4ylphenol,1,TRAIN
carbubarb,1,TRAIN
pergolide,1,TRAIN
mecloxamine,0,TRAIN
amoxapine,1,TRAIN
zinc302,1,TRAIN
mebeverine,0,TRAIN
benzocaine,1,TRAIN
valproate,1,TRAIN
chembl252319,1,TRAIN
cefluprenam,0,TRAIN
proflazepam,1,TRAIN
bcnu,1,TRAIN
tacedinaline,1,TRAIN
methyclothiazide,0,TRAIN
pirarubicin,0,TRAIN
flurithromycin,0,TRAIN
schembl6556766,1,TRAIN
betalxyloc,1,TRAIN
gliquidone,0,TRAIN
schembl6584053,1,TRAIN
cefcaneldaloxate,0,TRAIN
buciclovir,1,TRAIN
caproxamine,1,TRAIN
tixocortolpivalate,1,TRAIN
rodorubicin,0,TRAIN
imipramine,1,TRAIN
zinc6021047,1,TRAIN
levomequitazine,1,TRAIN
mls002702983,0,TRAIN
spiramycin,0,TRAIN
sr05000001656,0,TRAIN
licostinel,1,TRAIN
nanc17,1,TRAIN
zafuleptine,1,TRAIN
isocarboxazid,1,TRAIN
hydrocortisonebutyrate,1,TRAIN
propoxyphene,1,TRAIN
prednisolonesteaglate,1,TRAIN
ethenzamide,1,TRAIN
roflurane,1,TRAIN
nandihydrocarbamazepine,1,TRAIN
chembl1907165,0,TRAIN
nanr9r10s11r13s14r17r17acetyl1117dihydroxy1013dimethyl7891112141516octahydro6hcyclopentaaphenanthren3one,1,TRAIN
flupimazine,1,TRAIN
zileuton,0,TRAIN
unii67x231s15e,1,TRAIN
r5256diethyl23dihydro1hinden2ylamino1hydroxyethyl8hydroxyquinolin21hone,0,TRAIN
desflurane,1,TRAIN
nans4ar5ar6s12ar7chloro4dimethylamino16101112apentahydroxy6methyl312dioxo44a55atetrahydrotetracene2carboxamide,0,TRAIN
yohimbine,0,TRAIN
ncgc0016067501,0,TRAIN
declopramide,1,TRAIN
nilotinib,0,TRAIN
olanzapine,1,TRAIN
zinc58438005,1,TRAIN
epitetracycline,0,TRAIN
roscovitine,1,TRAIN
ioversol,0,TRAIN
chembl219060,1,TRAIN
zinc102036582,1,TRAIN
eldecalcitol,0,TRAIN
rcitalopram,1,TRAIN
schembl3670439,0,TRAIN
corticosterone,0,TRAIN
bromazepam,1,TRAIN
dehydrocholic,0,TRAIN
guanidine,0,TRAIN
chloroprednisoneacetate,1,TRAIN
flutemazepam,1,TRAIN
nonane,1,TRAIN
doxylamine,1,TRAIN
metyrosine,0,TRAIN
chembl118865,1,TRAIN
nandihydro1hpyrrolizine35dione,1,TRAIN
levonorgestrel,0,TRAIN
risedronate,0,TRAIN
benzoylecgonine,0,TRAIN
zinc118913190,1,TRAIN
chlorpropamide,0,TRAIN
lorzafone,1,TRAIN
nanr23hinden4yloxymethylmorpholine,1,TRAIN
oxyphenbutazone,0,TRAIN
nans6s444pyrimidin2ylpiperazin1ylbutyl4azatricyclo521026decane35dione,1,TRAIN
s120,1,TRAIN
bosutinib,0,TRAIN
norelgestromin,0,TRAIN
harman,1,TRAIN
diatrizoate,0,TRAIN
isoflupredone,1,TRAIN
plicamycin,1,TRAIN
flumetasone,1,TRAIN
carphenazine,1,TRAIN
nanpentanol,1,TRAIN
gammaglutamylcysteinylglycine,0,TRAIN
zinc1530929,1,TRAIN
trifluoperazine,1,TRAIN
almoxatone,1,TRAIN
mephenoxalone,1,TRAIN
remifentanil,1,TRAIN
va10527,0,TRAIN
chembl304168,0,TRAIN
yg16,1,TRAIN
pivmecillinam,0,TRAIN
saptazapine,1,TRAIN
mebendazole,0,TRAIN
homatropine,0,TRAIN
mgs0028,1,TRAIN
schembl2942739,1,TRAIN
schembl683273,0,TRAIN
ft0778082,1,TRAIN
asenapine,1,TRAIN
aprobarbital,1,TRAIN
milenperone,1,TRAIN
lubiprostone,0,TRAIN
smirabegron,1,TRAIN
cistilidine,1,TRAIN
nortetrazepam,1,TRAIN
dazepinil,1,TRAIN
l4,0,TRAIN
grepafloxacin,0,TRAIN
trebenzomine,1,TRAIN
nevirapine,1,TRAIN
cryofluorane,1,TRAIN
ipriflavone,0,TRAIN
chembl225032,1,TRAIN
femoxetine,1,TRAIN
edaravone,1,TRAIN
schembl15974503,1,TRAIN
nanethyl52rpentan2yl2thioxodihydropyrimidine461h5hdione,1,TRAIN
zinc9230627,0,TRAIN
phenoperidine,1,TRAIN
cisapride,1,TRAIN
halothane,1,TRAIN
ldideoxyinosine,0,TRAIN
zinc2015966,1,TRAIN
bacitracin,0,TRAIN
nsc289336,1,TRAIN
sevoflurane,1,TRAIN
homophenazine,1,TRAIN
n3dimethylaminopropylnethylcarbamoyl7prop2enyl66a891010ahexahydro4hindolo43fgquinoline9carboxamide,1,TRAIN
mesalamine,0,TRAIN
spiramide,1,TRAIN
colchicine,1,TRAIN
bipenamol,1,TRAIN
zinc3881869,0,TRAIN
atropine,1,TRAIN
dimethamphetamine,1,TRAIN
smetomidate,1,TRAIN
transthiothixene,1,TRAIN
water,1,TRAIN
bentiromide,0,TRAIN
chembl218017,1,TRAIN
nandeoxyadriamycin,0,TRAIN
rifamycin,0,TRAIN
schembl11521900,0,TRAIN
cinalukast,0,TRAIN
schembl2108977,1,TRAIN
cortexolone,1,TRAIN
levophacetoperane,1,TRAIN
suncillin,0,TRAIN
nanophosphonopentofuranosyl9hpurin6amine,0,TRAIN
pyridostigminebromide,0,TRAIN
unii13go737hio,1,TRAIN
schembl147024,1,TRAIN
zoledronicacid,0,TRAIN
delfaprazine,1,TRAIN
gemfibrozil,0,TRAIN
schembl9424925,0,TRAIN
pregnanolone,1,TRAIN
fluciprazine,1,TRAIN
rfluoxetine,1,TRAIN
prestwick0000159,0,TRAIN
nans13s11013trimethyl10azatricyclo731027trideca2735trien4ol,1,TRAIN
roletamide,1,TRAIN
zinc26376398,1,TRAIN
zinc3830429,0,TRAIN
motrazepam,1,TRAIN
oxisopred,1,TRAIN
aciclovir,1,TRAIN
cotriptyline,1,TRAIN
florfenicol,1,TRAIN
zinc1999271,1,TRAIN
glipizide,0,TRAIN
temozolomide,1,TRAIN
sb204484,1,TRAIN
zinc253636932,0,TRAIN
senflurane,1,TRAIN
zinc3875034,0,TRAIN
nans22s222s22s2amino34hydroxyphenylpropanoylaminopropanoylaminoacetylamino3phenylpropanoylamino3methylbutanamide,0,TRAIN
stl504716,1,TRAIN
schembl7721982,1,TRAIN
octamoxin,1,TRAIN
girisopam,1,TRAIN
betamethasoneacetatedexamethasoneacetate,1,TRAIN
dolasetron,1,TRAIN
propafenone,0,TRAIN
zinc20137760,1,TRAIN
carbenicillin,1,TRAIN
akos015896102,0,TRAIN
fletazepam,1,TRAIN
nantrimethylbenzene,1,TRAIN
sb205605,0,TRAIN
ipsapirone,1,TRAIN
zinc11616739,0,TRAIN
norfloxacin,0,TRAIN
panuramine,1,TRAIN
megestrolacetate,0,TRAIN
zinc1849669,1,TRAIN
pyrazinamide,1,TRAIN
paricalcitol,0,TRAIN
alphadddc,0,TRAIN
desoximetasone,1,TRAIN
paliperidone,1,TRAIN
captopril,0,TRAIN
loviscol,0,TRAIN
tiapride,1,TRAIN
teniloxazine,1,TRAIN
glimepiride,0,TRAIN
yg19,0,TRAIN
zinc2019839,1,TRAIN
schembl9489255,0,TRAIN
hepzidine,1,TRAIN
rthalidomide,1,TRAIN
declenperone,1,TRAIN
citenamide,1,TRAIN
hydrocortisonevalerate,1,TRAIN
rasagiline,1,TRAIN
pheniramine,0,TRAIN
ketotifen,1,TRAIN
pirisudanol,1,TRAIN
fluconazole,1,TRAIN
gr89696,1,TRAIN
cefadroxil,0,TRAIN
nivazolnivacortol,1,TRAIN
chembl306665,0,TRAIN
quercetin,0,TRAIN
pecocycline,0,TRAIN
pimethixene,1,TRAIN
modaline,1,TRAIN
unii3ggr48an0z,1,TRAIN
schembl7050625,1,TRAIN
trimipramine,1,TRAIN
setazepine,1,TRAIN
oxytocin,0,TRAIN
flavoxate,0,TRAIN
kanamycin,0,TRAIN
alprazolam,1,TRAIN
ondansetron,1,TRAIN
benfluorex,0,TRAIN
chembl74292,0,TRAIN
cyclizine,1,TRAIN
nanr4ar5ar6r12as4dimethylamino16101112apentahydroxy6methyl312dioxonpyrrolidin1ylmethyl44a55atetrahydrotetracene2carboxamide,0,TRAIN
dimethazan,1,TRAIN
nank10,1,TRAIN
nancyclopropyl7methyl24915tetrazatricyclo940038pentadecan10one,1,TRAIN
fimasartan,0,TRAIN
rpancopride,1,TRAIN
nans11bstetrabenazine,1,TRAIN
mitomycin,0,TRAIN
zinc2015185,0,TRAIN
cis12dichloroethylene,1,TRAIN
citalopram,1,TRAIN
chembl69032,0,TRAIN
mls006011456,0,TRAIN
hydrocortisoneaceponate,1,TRAIN
y15,1,TRAIN
zinc33903607,1,TRAIN
chembl478224,1,TRAIN
nansoxazolam,1,TRAIN
nacetyldglutamine,1,TRAIN
cefquinome,0,TRAIN
ximelagatran,0,TRAIN
hymecromone,0,TRAIN
timolol,0,TRAIN
nanr5chloro2oxo3thiophene2carbonyl3hindole1carboxamide,1,TRAIN
zinc1109,1,TRAIN
ralfetamine,1,TRAIN
norgestrel,0,TRAIN
cyclophenazine,1,TRAIN
nanfluorophenyl334fluorophenyl3hydroxypropyl44hydroxyphenylazetidin2one,0,TRAIN
capuride,1,TRAIN
isoquercitrin,0,TRAIN
schembl2109497,0,TRAIN
rofleponide,1,TRAIN
diflorasone,1,TRAIN
penfluridol,1,TRAIN
unii62o79nuo5m,0,TRAIN
chlorothiazide,0,TRAIN
protriptyline,1,TRAIN
pyrithione,0,TRAIN
sobuzoxane,0,TRAIN
levobetaxolol,1,TRAIN
mazipredone,1,TRAIN
sulfacetamide,0,TRAIN
chembl411088,1,TRAIN
benzthiazide,0,TRAIN
cilostazol,0,TRAIN
chembl244206,1,TRAIN
nans9r72r4r6s4amino6methyloxan2yloxy6911trihydroxy92hydroxyacetyl4methoxy810dihydro7htetracene512dione,0,TRAIN
pyrvinium,0,TRAIN
dexamethasonedipropionate,1,TRAIN
carminomycin,0,TRAIN
schembl11806329,1,TRAIN
ciclopramine,1,TRAIN
zinc452,1,TRAIN
l001588,1,TRAIN
chembl368590,1,TRAIN
upcmlddp067,1,TRAIN
brallobarbital,1,TRAIN
tertamylmethylether,1,TRAIN
methysergide,1,TRAIN
zinc1704297,1,TRAIN
nanmethyl1butanol,1,TRAIN
zinc100125124,1,TRAIN
sflecainide,1,TRAIN
vigabatrin,1,TRAIN
chembl1624111,1,TRAIN
pravastatin,0,TRAIN
tazomeline,1,TRAIN
nanfluoropaclitaxel,1,TRAIN
cinolazepam,1,TRAIN
chembl142149,1,TRAIN
schembl3121372,1,TRAIN
cannabidiol,1,TRAIN
zinc6036855,1,TRAIN
fantridone,1,TRAIN
emylcamate,1,TRAIN
ltryptophan,1,TRAIN
androsan,0,TRAIN
nalmexone,1,TRAIN
lenampicillin,0,TRAIN
rosuvastatin,0,TRAIN
cispiflutixol,1,TRAIN
hms3264h15,1,TRAIN
propyperone,1,TRAIN
nanpropynyluridine,0,TRAIN
xylazine,1,TRAIN
schembl33896,0,TRAIN
cn1sc2ccc1conc1ncccc1scc2oo,1,TRAIN
alovudine,1,TRAIN
chembl343404,1,TRAIN
uniib3bw33mufm,1,TRAIN
acepromazine,1,TRAIN
prothixene,1,TRAIN
zinc11616774,0,TRAIN
sulfisomidine,1,TRAIN
brifentanil,1,TRAIN
stepronin,0,TRAIN
nanmercaptopurine,1,TRAIN
fibracillin,0,TRAIN
amantadine,1,TRAIN
amiperone,1,TRAIN
uramustine,0,TRAIN
uniiel82385c45,1,TRAIN
vasopressin,0,TRAIN
phenprocoumon,0,TRAIN
gnfpf138,0,TRAIN
tipredane,1,TRAIN
nans3s5r3tertbutylamino2hydroxypropoxy1234tetrahydro23naphthalenediol,0,TRAIN
cormetasone,1,TRAIN
schembl3454549,1,TRAIN
fenobam,1,TRAIN
bromperidol,1,TRAIN
emepronium,0,TRAIN
northioridazine,1,TRAIN
lufuradom,1,TRAIN
betamethasoneacetate,1,TRAIN
mebutamate,1,TRAIN
regorafenib,0,TRAIN
alpiropride,1,TRAIN
chembl506480,1,TRAIN
tameridone,1,TRAIN
schembl3959596,0,TRAIN
nantetramethylpyrazine,1,TRAIN
schembl11851060,0,TRAIN
y30,1,TRAIN
ketorolac,0,TRAIN
sallomethadione,1,TRAIN
bretylium,0,TRAIN
xorphanol,1,TRAIN
hydrocortisonehemisuccinate,1,TRAIN
droperidol,1,TRAIN
emetine,0,TRAIN
zinc1678603,1,TRAIN
flumezapine,1,TRAIN
amitriptyline,1,TRAIN
gaboxadol,1,TRAIN
zanamivir,0,TRAIN
galanthamine,1,TRAIN
uniix10241g2na,1,TRAIN
sumatriptan,1,TRAIN
fluprazine,1,TRAIN
pamidronate,0,TRAIN
ticabesone,1,TRAIN
treosulfan,0,TRAIN
zinc11679768,0,TRAIN
nanc15,1,TRAIN
cycotiamine,1,TRAIN
indriline,1,TRAIN
saclofen,1,TRAIN
lactitol,0,TRAIN
snorfenefrine,0,TRAIN
zinc100029668,1,TRAIN
sifaprazine,1,TRAIN
zinc11616368,0,TRAIN
sb205563,0,TRAIN
sermion,1,TRAIN
nanep2275420a1,1,TRAIN
mestranol,0,TRAIN
spinosad,0,TRAIN
triclosan,1,TRAIN
metiapine,1,TRAIN
paraxazone,1,TRAIN
tranylcypromine,1,TRAIN
fluprednidene,1,TRAIN
zolazepam,1,TRAIN
tolquinzole,1,TRAIN
nicopholine,1,TRAIN
chembl296602,1,TRAIN
epicorticosterone,1,TRAIN
chlorthalidone,0,TRAIN
dltryptophan,1,TRAIN
gentamicinc1a,0,TRAIN
azaperone,1,TRAIN
trans12dichloroethylene,1,TRAIN
bazinaprine,1,TRAIN
fenbutrazate,1,TRAIN
lofendazam,1,TRAIN
cocaine,1,TRAIN
descinoloneacetonide,1,TRAIN
methylprednisoloneaceponate,1,TRAIN
dexclamol,1,TRAIN
spermine,0,TRAIN
n2cyanoethyl2phenylethylamine,1,TRAIN
alozafone,1,TRAIN
spectinomicina,0,TRAIN
skbh,0,TRAIN
nanaminophenyln1r23s3hydroxypyrrolidin1yl1phenylethylnmethylacetamide,0,TRAIN
bisacodyl,0,TRAIN
bmsp,1,TRAIN
epinephrine,0,TRAIN
trocimine,1,TRAIN
dinazafone,1,TRAIN
schembl180549,0,TRAIN
ambroxol,0,TRAIN
zinc17128047,1,TRAIN
uniif5iv9bnn0r,1,TRAIN
dextropropoxyphene,1,TRAIN
chembl1624196,0,TRAIN
cyproterone,0,TRAIN
zinc608045,1,TRAIN
cyclobenzaprine,1,TRAIN
parapropamol,1,TRAIN
gr94839l,0,TRAIN
zinc18084626,1,TRAIN
clofazimine,0,TRAIN
cinnarizine,1,TRAIN
flumequine,0,TRAIN
benactyzine,1,TRAIN
schembl15311037,1,TRAIN
chembl71895,0,TRAIN
cefprozil,0,TRAIN
desvenlafaxine,1,TRAIN
dthreoalphabenzylnethyltetrahydrofurfurylamine,1,TRAIN
nanaminomethyl6methoxyphenol,1,TRAIN
cyclobarbital,1,TRAIN
tofenacin,1,TRAIN
norethindrone,0,TRAIN
zinc31477144,1,TRAIN
rmetomidate,1,TRAIN
chembl515025,1,TRAIN
thiopental,1,TRAIN
zinc11615961,1,TRAIN
oxiperomide,1,TRAIN
cinoctramide,1,TRAIN
uniin3o8l7r66h,1,TRAIN
ivacaftor,0,TRAIN
dichlorisoneacetate,1,TRAIN
nandimethylamino2methylpentan3ylphenol,1,TRAIN
sulfameter,0,TRAIN
chembl2113676,1,TRAIN
uniiyv88341qw3,1,TRAIN
norlevorphanol,1,TRAIN
cetophenicolcetofenicol,1,TRAIN
chembl534947,1,TRAIN
balsalazide,0,TRAIN
enprofylline,0,TRAIN
unii4rh62fxm4m,1,TRAIN
perazine,1,TRAIN
zinc3876069,1,TRAIN
pancopride,1,TRAIN
schembl10844792,0,TRAIN
zinc13783337,0,TRAIN
unii75go5pp6ns,0,TRAIN
nank06,1,TRAIN
nicorandil,0,TRAIN
schembl6228099,1,TRAIN
norcodeine,1,TRAIN
metomidate,1,TRAIN
fg8205,1,TRAIN
uniioe8026nxvx,1,TRAIN
climazolam,1,TRAIN
dacemazine,1,TRAIN
oxatomide,1,TRAIN
alonimid,1,TRAIN
ethionamide,1,TRAIN
chembl25547,1,TRAIN
riboflavin,0,TRAIN
ecypenamine,1,TRAIN
cistranstrans124trimethylcyclohexane,1,TRAIN
sulfaphenazole,0,TRAIN
octriptyline,1,TRAIN
db086784,1,TRAIN
antrafenine,0,TRAIN
tazobactam,0,TRAIN
morniflumate,0,TRAIN
ciprofloxacin,0,TRAIN
lopact165,1,TRAIN
smecloralurea,1,TRAIN
faha,1,TRAIN
clofenciclan,1,TRAIN
taurosteine,0,TRAIN
nabilone,1,TRAIN
sulforidazine,1,TRAIN
s119,1,TRAIN
azatadine,1,TRAIN
mls006011558,1,TRAIN
mfcd00865135,0,TRAIN
zinc3830427,0,TRAIN
ributilide,1,TRAIN
zinc1530991,0,TRAIN
schembl5966350,1,TRAIN
meclonazepam,1,TRAIN
cefoxitin,0,TRAIN
nanfluoro5hydroxy6bhydroxyacetyl4a6a88tetramethyl344a4b566a6b9a1010a10b1112tetradecahydro2hnaphtho2145indeno12d13dioxol2one,1,TRAIN
buprenorphine,1,TRAIN
schembl25219,1,TRAIN
zinc27643987,0,TRAIN
thiamphenicol,1,TRAIN
amiodarone,0,TRAIN
zinc3830479,1,TRAIN
erdafitinib,0,TRAIN
zinc1999541,1,TRAIN
zinc582,1,TRAIN
bremelanotide,0,TRAIN
nacetylprocainamide,0,TRAIN
nanmethyl3371115tetramethylhexadec2enylnaphthalene14dione,0,TRAIN
phenylephrine,1,TRAIN
oximonam,0,TRAIN
iprozilamine,1,TRAIN
chembl371222,1,TRAIN
rolitetracycline,0,TRAIN
cefacetrile,0,TRAIN
ibrotamide,1,TRAIN
ripazepam,1,TRAIN
zinc1566349,0,TRAIN
methsuximidemesuximide,1,TRAIN
fusidicacid,0,TRAIN
gatifloxacin,0,TRAIN
zinc5439905,1,TRAIN
zinc100036716,1,TRAIN
brequinar,0,TRAIN
nealbarbital,1,TRAIN
samixetrine,1,TRAIN
tz11,1,TRAIN
tigabine,1,TRAIN
acefurtiamine,1,TRAIN
estazolam,1,TRAIN
dixyrazine,1,TRAIN
gr94839a,0,TRAIN
thioguanine,0,TRAIN
schembl3961263,1,TRAIN
dexoxadrol,1,TRAIN
roxybutynin,1,TRAIN
carbamazepine,1,TRAIN
schembl4401823,0,TRAIN
raptazapine,1,TRAIN
brompheniramine,1,TRAIN
cas13614987,0,TRAIN
dasatinib,0,TRAIN
betaoxycodol,1,TRAIN
metoprine,1,TRAIN
zinc5447609,1,TRAIN
zinc4475310,1,TRAIN
schembl13321839,1,TRAIN
tracazolate,1,TRAIN
zinc1708380,1,TRAIN
compound4fi,1,TRAIN
gr94839i,0,TRAIN
anthralin,0,TRAIN
difencloxazine,1,TRAIN
tiletamine,1,TRAIN
oseltamivir,1,TRAIN
scarbuterol,0,TRAIN
moxonidine,1,TRAIN
chembl1950330,1,TRAIN
etodolac,0,TRAIN
stacofylline,1,TRAIN
bepridil,0,TRAIN
methyldihydromorphine,1,TRAIN
zinc101751021,1,TRAIN
zinc40163149,1,TRAIN
zinc17354679,1,TRAIN
primidone,1,TRAIN
barbital,1,TRAIN
methylprednisolone,1,TRAIN
toliprolol,1,TRAIN
quinapril,0,TRAIN
lmethylphenidate,1,TRAIN
ncgc0016049901,1,TRAIN
disulfiram,0,TRAIN
eterobarb,1,TRAIN
midecamycin,0,TRAIN
ciprocinonide,1,TRAIN
schembl6227878,1,TRAIN
bz3,1,TRAIN
icf,1,TRAIN
ectylurea,1,TRAIN
cetirizine,0,TRAIN
zinc40163494,0,TRAIN
adriamycinolaglycone,0,TRAIN
akos022180860,1,TRAIN
phaclofen,1,TRAIN
schembl79255,1,TRAIN
ensaculin,1,TRAIN
dextramycin,0,TRAIN
docetaxel,0,TRAIN
fenoxazoline,0,TRAIN
schembl11350598,1,TRAIN
toremifene,0,TRAIN
benzoclidine,1,TRAIN
ctk7j8195,0,TRAIN
zinc4214594,1,TRAIN
chlorthenoxazine,1,TRAIN
perlapine,1,TRAIN
probucol,0,TRAIN
amrinone,0,TRAIN
flesinoxan,1,TRAIN
mptp,1,TRAIN
apixaban,0,TRAIN
schembl18877133,1,TRAIN
rpindolol,1,TRAIN
setiptiline,1,TRAIN
procaterol,0,TRAIN
feprazone,1,TRAIN
schembl247562,1,TRAIN
cotinine,1,TRAIN
schembl13902941,1,TRAIN
doxofylline,0,TRAIN
bephenium,0,TRAIN
schembl13579049,0,TRAIN
dladrenaline,0,TRAIN
brofoxine,1,TRAIN
ciclesonide,1,TRAIN
baclofen,0,TRAIN
nanr9r10s11r13r14r17s1117dihydroxy172hydroxyacetyl1013dimethyl7891112141516octahydro6hcyclopentaaphenanthren3one,1,TRAIN
lisuride,1,TRAIN
meclorisonedibutyrate,1,TRAIN
zinc2037958,1,TRAIN
ketazolam,1,TRAIN
enoximone,0,TRAIN
levofacetoperane,1,TRAIN
uniizl5471j6g6,1,TRAIN
topiramate,1,TRAIN
etazolate,1,TRAIN
ncgc0002458403,0,TRAIN
triamcinolone,0,TRAIN
chembl190860,1,TRAIN
gliclazide,0,TRAIN
nanr5ethyl1methyl5phenyl13diazinane246trione,1,TRAIN
chlorphenesin,1,TRAIN
dapsone,0,TRAIN
nitroglycerin,0,TRAIN
flunisolide,0,TRAIN
sb357134,1,TRAIN
spiclomazine,1,TRAIN
zinc274,1,TRAIN
zalospirone,1,TRAIN
penicillamine,0,TRAIN
flutroline,1,TRAIN
dexrazoxane,0,TRAIN
norgestimate,0,TRAIN
alprenolol,1,TRAIN
hms3652d17,1,TRAIN
methotrimeprazine,1,TRAIN
glisoxepide,0,TRAIN
rifamexil,0,TRAIN
schembl4916174,1,TRAIN
zinc40163147,1,TRAIN
oxaprozin,0,TRAIN
adafenoxate,1,TRAIN
nanhydroxydextroamphetamine,0,TRAIN
apicycline,0,TRAIN
almotriptan,1,TRAIN
itrocinonide,1,TRAIN
flavopiridol,1,TRAIN
nabazenil,1,TRAIN
pefloxacin,1,TRAIN
loxapine,1,TRAIN
timelotem,1,TRAIN
hydroxycarbamide,1,TRAIN
i1,1,TRAIN
lopirazepam,1,TRAIN
unii0xq5nt70et,0,TRAIN
zinc601234,1,TRAIN
xanthiol,1,TRAIN
nafenodone,1,TRAIN
unii1c2ho1ns77,1,TRAIN
goserelin,0,TRAIN
schembl1006384,1,TRAIN
chembl71759,0,TRAIN
zinc100014943,1,TRAIN
compound10,1,TRAIN
udenafil,0,TRAIN
tolmesoxide,1,TRAIN
biddgt0539,0,TRAIN
dazadrol,1,TRAIN
atevirdine,1,TRAIN
methamphetamine,1,TRAIN
sulopenem,0,TRAIN
chlorcyclizine,1,TRAIN
naltrexone,1,TRAIN
methylparafynol,1,TRAIN
clofexamide,1,TRAIN
schembl6949469,1,TRAIN
s118,1,TRAIN
dcamphor,1,TRAIN
verapamil,1,TRAIN
nantetrahydroquinoline,1,TRAIN
nantribromoethanol,1,TRAIN
prednisolone,1,TRAIN
lucanthone,0,TRAIN
tz17,0,TRAIN
tolboxane,1,TRAIN
smr000539419,0,TRAIN
chembl3989733,1,TRAIN
mirtazapine,1,TRAIN
cyclacillin,0,TRAIN
ampyzine,1,TRAIN
fominoben,0,TRAIN
nandimethoxyphenylethyl432iodophenylpropylpiperazine,1,TRAIN
semaxanib,1,TRAIN
prednisolamate,1,TRAIN
sufentanil,1,TRAIN
sadenosyllmethionine,1,TRAIN
terconazole,0,TRAIN
flurandrenolide,1,TRAIN
zinc40163161,1,TRAIN
betamethasonevalerate,1,TRAIN
chembl1935437,1,TRAIN
cathinone,1,TRAIN
schembl11223104,0,TRAIN
chembl71781,1,TRAIN
spindolol,1,TRAIN
fezolamine,1,TRAIN
zinc27638664,1,TRAIN
esketamine,1,TRAIN
zinc3830926,0,TRAIN
talipexole,1,TRAIN
methylergonovine,0,TRAIN
heptabarb,1,TRAIN
unii13w6wjx09r,1,TRAIN
schembl13026158,1,TRAIN
mcule1097746976,1,TRAIN
cefixime,0,TRAIN
valdipromide,1,TRAIN
seproxetine,1,TRAIN
minaxolone,1,TRAIN
hexocyclium,0,TRAIN
pargyline,1,TRAIN
zinc2019918,1,TRAIN
cefditoren,0,TRAIN
schembl11084330,1,TRAIN
rofelodine,1,TRAIN
nomelidine,1,TRAIN
cis34dimethyl2phenylmorpholine,1,TRAIN
nsc25141,1,TRAIN
orbinamon,1,TRAIN
cas113428,1,TRAIN
schembl6624015,1,TRAIN
dienogest,0,TRAIN
apadoline,1,TRAIN
chembl3560261,0,TRAIN
rnicardipine,0,TRAIN
carmoxirol,0,TRAIN
lincomycine,0,TRAIN
secobarbital,1,TRAIN
snebracetam,1,TRAIN
schembl8989362,1,TRAIN
saripidem,1,TRAIN
nandocosanol,0,TRAIN
zinc13827997,0,TRAIN
nans9s11s14s17s11hydroxy172hydroxyacetyl1013dimethyl126789111214151617dodecahydrocyclopentaaphenanthren3one,0,TRAIN
nans21hinden4yloxymethylmorpholine,1,TRAIN
levocarnitine,0,TRAIN
piroxicillin,0,TRAIN
gabapentin,1,TRAIN
doxibetasol,1,TRAIN
schembl17284795,1,TRAIN
opipramol,1,TRAIN
nana7adimethyl11a55a5b677a8a99a9b9c9dtetradecahydro3hspirocyclopropa45cyclopenta12acyclopropalphenanthrene82furan354h4hdione,0,TRAIN
lsm5621,0,TRAIN
viloxazine,1,TRAIN
aztreonam,0,TRAIN
pd117302,1,TRAIN
cp102,0,TRAIN
pipacycline,0,TRAIN
triazolam,1,TRAIN
oxirane,1,TRAIN
sdoxapram,1,TRAIN
hexoprenaline,0,TRAIN
metaproterenol,0,TRAIN
ropizine,1,TRAIN
praziquantel,1,TRAIN
raminoglutethimide,1,TRAIN
leuprolide,0,TRAIN
zinc320,1,TRAIN
rifapentine,0,TRAIN
unii74xyo90u63,1,TRAIN
rivaroxaban,0,TRAIN
nanr4ar7as12br3cyclopropylmethyl4a9dihydroxy24567a13hexahydro1h412methanobenzofuro32eisoquinolin7one,1,TRAIN
methacycline,0,TRAIN
nans4as7s7as12br9methoxy3methyl244a77a13hexahydro1h412methanobenzofuro32eisoquinolin7ol,1,TRAIN
chembl1161461,0,TRAIN
zinc5651434,1,TRAIN
tenilapine,1,TRAIN
chembl63427,1,TRAIN
fluocinoloneacetonide,1,TRAIN
cnsooccc1cc2ccnc2cc1c1ccncc1c,1,TRAIN
menthol,0,TRAIN
zinc2015879,1,TRAIN
nicomorphine,1,TRAIN
schembl1237910,1,TRAIN
s123,1,TRAIN
tolvaptan,0,TRAIN
prednisoloneacetate,1,TRAIN
cebaracetam,1,TRAIN
nicodicodine,1,TRAIN
sinequan,1,TRAIN
perindoprilat,0,TRAIN
acetophenazine,1,TRAIN
cyclazodone,1,TRAIN
thalidomide,1,TRAIN
nerisopam,1,TRAIN
cimemoxin,1,TRAIN
schembl13575747,0,TRAIN
chembl400001,1,TRAIN
styrene,1,TRAIN
silodosin,0,TRAIN
chembl2218915,1,TRAIN
ceftizoxime,0,TRAIN
schembl12831358,1,TRAIN
tertbutylbenzene,1,TRAIN
edoxaban,0,TRAIN
fluperlapine,1,TRAIN
bendroflumethiazide,0,TRAIN
salprenolol,1,TRAIN
cyprolidol,1,TRAIN
zylofuramine,1,TRAIN
lidamidine,0,TRAIN
cyclohexane,1,TRAIN
chembl3707296,1,TRAIN
cyclarbamate,1,TRAIN
vinyltrichloride,1,TRAIN
diacerein,0,TRAIN
amfonelicacid,1,TRAIN
fengabine,1,TRAIN
trofosfamide,0,TRAIN
mafenide,0,TRAIN
nanmethyl1pentyn3ol,1,TRAIN
bretazenil,1,TRAIN
nanamino12r5r5hydroxymethyl25dihydrofuran2yl5methylpyrimidin2one,1,TRAIN
rifabutin,0,TRAIN
trimethobenzamide,1,TRAIN
fenmetramide,1,TRAIN
daunorubicin,0,TRAIN
metolazone,0,TRAIN
taglutimidebiglumide,1,TRAIN
zinc2038507,1,TRAIN
nansbutan2yl44444s224dichlorophenyl2124triazol1ylmethyl13dioxolan4ylmethoxyphenylpiperazin1ylphenyl124triazol3one,0,TRAIN
sulindac,1,TRAIN
clocortoloneacetate,1,TRAIN
menitrazepam,1,TRAIN
methyprylon,1,TRAIN
,1,TRAIN
sarmoxicillin,0,TRAIN
sfexofenadine,0,TRAIN
telotristat,0,TRAIN
amicycline,0,TRAIN
hydroxyephedrine,0,TRAIN
cyclopentolate,0,TRAIN
cephalosporinc,0,TRAIN
fluzinamide,1,TRAIN
etomidate,1,TRAIN
zinc375,1,TRAIN
saxamozide,1,TRAIN
biapenem,0,TRAIN
chembl1372985,1,TRAIN
pregnenolone,1,TRAIN
anileridine,1,TRAIN
sglutethimide,1,TRAIN
zomebazam,1,TRAIN
zinc1842729,1,TRAIN
ethypicone,1,TRAIN
oxacillin,1,TRAIN
camptothecin,1,TRAIN
moxifloxacin,0,TRAIN
velnacrine,1,TRAIN
methastyridone,1,TRAIN
schembl13198079,1,TRAIN
norgalanthamine,1,TRAIN
trimetrexate,0,TRAIN
ampicillin,0,TRAIN
tz3,1,TRAIN
chlorzoxazone,1,TRAIN
unii7w3a3ukf2e,1,TRAIN
brl52656,1,TRAIN
sdonepezil,1,TRAIN
daraboflavin,1,TRAIN
niclosamide,0,TRAIN
octreotide,0,TRAIN
isoxsuprine,0,TRAIN
chembl3558540,0,TRAIN
eletriptan,1,TRAIN
propyliodone,0,TRAIN
clorethate,1,TRAIN
zinc3872561,0,TRAIN
lindane,0,TRAIN
debrisoquine,0,TRAIN
keforal,0,TRAIN
fluticasonepropionate,0,TRAIN
smetoprolol,1,TRAIN
furosemide,0,TRAIN
soxaflozane,1,TRAIN
nanr4as7ar12bs4a9dihydroxy3prop2enyl24567a13hexahydro1h412methanobenzofuro32eisoquinoline7one,1,TRAIN
flucloxacillin,0,TRAIN
quazepam,1,TRAIN
schembl20717481,0,TRAIN
cp122721,1,TRAIN
cinperene,1,TRAIN
nsc60600,1,TRAIN
nintedanib,0,TRAIN
amdinocillin,0,TRAIN
vancomycin,0,TRAIN
sb204454,0,TRAIN
pinazepam,1,TRAIN
atovaquone,0,TRAIN
trazodone,1,TRAIN
phenomorphan,1,TRAIN
propacetamol,1,TRAIN
azanidazole,0,TRAIN
cube8,1,TRAIN
codeine,1,TRAIN
schembl120952,1,TRAIN
irie16a,1,TRAIN
leucine,1,TRAIN
nalbuphine,1,TRAIN
clopimozide,1,TRAIN
nanstifluadom,1,TRAIN
chembl252103,1,TRAIN
cianopramine,1,TRAIN
rmeptazinol,1,TRAIN
emd60400,0,TRAIN
zinc4214112,1,TRAIN
unii19vo3dpf3g,1,TRAIN
caroxazone,1,TRAIN
simvastatin,1,TRAIN
tirapazamine,0,TRAIN
uniidfc57v76oc,1,TRAIN
enciprazine,1,TRAIN
apomorphine,1,TRAIN
lcisdiltiazem,0,TRAIN
clofluperol,1,TRAIN
phenobarbital,1,TRAIN
ocfentanil,1,TRAIN
dexverapamil,1,TRAIN
smazindol,1,TRAIN
calcitriol,0,TRAIN
dinoprostone,0,TRAIN
normethadone,1,TRAIN
flubanilate,1,TRAIN
idarubicin,0,TRAIN
biddgt0410,1,TRAIN
ketorfanol,1,TRAIN
schembl4811952,0,TRAIN
ethylnandrol,0,TRAIN
nanboronophenylalanine,1,TRAIN
tybamate,1,TRAIN
dopamine,0,TRAIN
alrestatin,1,TRAIN
etacrynicacid,0,TRAIN
pemirolast,0,TRAIN
alprostadil,0,TRAIN
schembl34286,0,TRAIN
budipine,1,TRAIN
schembl2056520,1,TRAIN
zinc1692922,1,TRAIN
zinc136,1,TRAIN
cartazolate,1,TRAIN
nandrobolic,0,TRAIN
acetylcysteine,0,TRAIN
levetiracetam,1,TRAIN
diloxanide,0,TRAIN
bromfenac,0,TRAIN
fosmidomycin,0,TRAIN
tefludazine,1,TRAIN
mmv001493,1,TRAIN
tienopramine,1,TRAIN
amantocillin,0,TRAIN
nitrafudam,1,TRAIN
sulfinpyrazone,0,TRAIN
olopatadine,0,TRAIN
clidiniumbromide,0,TRAIN
ecenofloxacin,0,TRAIN
pranlukast,0,TRAIN
hms3373j14,0,TRAIN
salbutamol,0,TRAIN
droxidopa,1,TRAIN
tramadol,1,TRAIN
oxanamide,1,TRAIN
scarbocloral,1,TRAIN
adicillin,0,TRAIN
org5222,1,TRAIN
indeloxazine,1,TRAIN
ramixetrine,1,TRAIN
cortisone,0,TRAIN
ropinirole,1,TRAIN
nans2s1hydroxy2methylaminopropylphenol,0,TRAIN
trospium,1,TRAIN
unii1287u42u7j,1,TRAIN
bezafibrate,0,TRAIN
zinc95093058,0,TRAIN
melperone,1,TRAIN
zinc3830408,0,TRAIN
octane,1,TRAIN
tocainide,0,TRAIN
phenazocine,1,TRAIN
mescaline,1,TRAIN
pentostatin,1,TRAIN
diamorphine,1,TRAIN
nans4s3ethenylpiperidin4ylpropyl6methoxyquinoline,1,TRAIN
avanafil,0,TRAIN
zinc169658384,1,TRAIN
nelarabine,0,TRAIN
meprodine,1,TRAIN
nanamino5chloro2methoxyphenyl4diethylaminobutan1one,1,TRAIN
sulconazole,0,TRAIN
zinc665,1,TRAIN
nanr3s11h124triazol1yl224difluorophenyl3methylsulfonyl2butanol,1,TRAIN
zinc190,1,TRAIN
epigalantamine,1,TRAIN
zinc2009618,1,TRAIN
capsaicine,0,TRAIN
divinylether,1,TRAIN
nanqju,1,TRAIN
gamfexine,1,TRAIN
mezlocillin,0,TRAIN
pharmakon160001505978,1,TRAIN
schembl18872879,0,TRAIN
loreclezole,1,TRAIN
camphore,1,TRAIN
meprednisone,1,TRAIN
cefclidin,0,TRAIN
sibuprofen,1,TRAIN
pindolol,1,TRAIN
rilapine,1,TRAIN
astromicin,0,TRAIN
nortriptyline,1,TRAIN
schembl519404,1,TRAIN
decitabine,0,TRAIN
chloroethane,1,TRAIN
nanr6s8s6propan2yl3azapentacyclo1181038092201621docosa9111322161820hexaen6ol,1,TRAIN
uniimp04l9t248,1,TRAIN
acrivastine,0,TRAIN
befloxatone,1,TRAIN
cefetamet,0,TRAIN
mepiprazole,1,TRAIN
schembl17256233,1,TRAIN
etamoxifen,1,TRAIN
vardenafil,0,TRAIN
streptozocin,0,TRAIN
propicillin,0,TRAIN
nanmethylnonane,1,TRAIN
pipemidic,0,TRAIN
isoprednidene,1,TRAIN
fluorometholoneacetate,1,TRAIN
rnorfluoxetine,1,TRAIN
tz21,1,TRAIN
testolactone,0,TRAIN
propene,1,TRAIN
unii29nc2p836i,1,TRAIN
rosaramicin,0,TRAIN
zinc1633925,1,TRAIN
milameline,1,TRAIN
benzylpenicillin,0,TRAIN
chembl73284,1,TRAIN
chembl243999,1,TRAIN
ganaxolone,1,TRAIN
valnoctamide,1,TRAIN
ergocalciferol,0,TRAIN
quinupramine,1,TRAIN
chembl70762,1,TRAIN
crizotinib,0,TRAIN
dimelazine,1,TRAIN
fluovitef,1,TRAIN
ketoprofen,1,TRAIN
cutisterol,1,TRAIN
schembl11523038,0,TRAIN
procymate,1,TRAIN
spirapril,0,TRAIN
ceftezole,0,TRAIN
tenilsetam,1,TRAIN
perisoxal,1,TRAIN
rcotinine,1,TRAIN
eptazocine,1,TRAIN
cholecalciferol,0,TRAIN
schembl18401354,1,TRAIN
timiperone,1,TRAIN
indinavir,1,TRAIN
anastrozole,0,TRAIN
chembl70543,0,TRAIN
zinc100037462,0,TRAIN
sulfoxone,0,TRAIN
zinc1530907,1,TRAIN
ibandronate,0,TRAIN
phetharbital,1,TRAIN
armodafinil,1,TRAIN
enpiprazole,1,TRAIN
arglabin,0,TRAIN
schembl13576356,1,TRAIN
domoprednate,1,TRAIN
tetrazepam,1,TRAIN
chembl476108,1,TRAIN
zinc13783190,0,TRAIN
amfetamine,0,TRAIN
nefiracetam,1,TRAIN
dihydrotachysterol,0,TRAIN
aniracetam,1,TRAIN
dtxsid90937058,1,TRAIN
anisindione,0,TRAIN
ici204448,0,TRAIN
carbetapentane,0,TRAIN
bilastine,0,TRAIN
nebracetam,1,TRAIN
trizoxime,1,TRAIN
berupipam,1,TRAIN
vinorelbine,0,TRAIN
etasuline,1,TRAIN
unii2t374e8s8v,1,TRAIN
zinc100298066,1,TRAIN
schembl547392,1,TRAIN
bupivacaine,0,TRAIN
cyclindole,1,TRAIN
arecoline,1,TRAIN
unii5d18ipq12r,1,TRAIN
chloroxine,0,TRAIN
fostamatinib,0,TRAIN
propofol,1,TRAIN
cyclopregnol,1,TRAIN
ameltolide,1,TRAIN
nanbutyl3phenylthiourea,1,TRAIN
methylcyclohexane,1,TRAIN
diclazuril,0,TRAIN
cis2phenylcyclopropylamine,1,TRAIN
chloralhydrate,1,TRAIN
nomifensine,1,TRAIN
pxylene,1,TRAIN
hydroxindasol,1,TRAIN
diflucortolone,1,TRAIN
pyrantel,0,TRAIN
neticonazole,0,TRAIN
phenserine,1,TRAIN
bacmecillinam,0,TRAIN
vidarabine,1,TRAIN
zanapezil,1,TRAIN
bbcpd21,1,TRAIN
zinc633,1,TRAIN
etonogestrel,0,TRAIN
chembl142158,1,TRAIN
conivaptan,0,TRAIN
flutizenol,1,TRAIN
cp94,1,TRAIN
zinc5651105,1,TRAIN
argon,1,TRAIN
bufuralol,0,TRAIN
alaptide,1,TRAIN
mcule5010058438,0,TRAIN
cephatriazine,0,TRAIN
nicotinamide,1,TRAIN
tameticillin,0,TRAIN
sulfamethoxypyridazine,1,TRAIN
semorphone,1,TRAIN
rtoloxatone,1,TRAIN
schembl11119364,1,TRAIN
homofenazine,1,TRAIN
hexobarbital,1,TRAIN
stamsulosin,1,TRAIN
cicletanine,0,TRAIN
sultamicillin,0,TRAIN
dexamethasoneacefurate,1,TRAIN
chembl2024514,1,TRAIN
amiloride,0,TRAIN
z22chloro104methylpiperazin1yl5hdibenzoad7annulen5ylideneacetonitrile,1,TRAIN
mofegiline,1,TRAIN
nanbenzodioxol5yloxymethyl44fluorophenylpiperidine,1,TRAIN
bisorcic,1,TRAIN
bromocriptine,0,TRAIN
triclacetamol,1,TRAIN
iproniazid,1,TRAIN
lupitidine,0,TRAIN
thioproperazine,1,TRAIN
menadione,0,TRAIN
etoprine,1,TRAIN
schembl2762240,1,TRAIN
shexobarbital,1,TRAIN
rpentobarbital,1,TRAIN
taltirelin,1,TRAIN
azipramine,1,TRAIN
benzene,1,TRAIN
clopidogrel,0,TRAIN
piperilate,1,TRAIN
acecarbromal,1,TRAIN
roflumilast,0,TRAIN
orlistat,0,TRAIN
clocortolone,1,TRAIN
nans8s6tertbutyl3azapentacyclo1181038092201621docosa9111322161820hexaen6ol,1,TRAIN
carbidopa,0,TRAIN
nanbutanone,1,TRAIN
propyl4aminobenzoate,1,TRAIN
srnoscapine,1,TRAIN
phensuximide,1,TRAIN
nans11r12e17e19z21s21hydroxy1119dimethyl10propan2yl926dioxa31528triazatricyclo2321037octacosa12761217192528hexaene281423tetrone,0,TRAIN
brivudine,0,TRAIN
ergoloidmesylate,1,TRAIN
ci1043,1,TRAIN
difluaninedifluanazine,1,TRAIN
taltrimide,1,TRAIN
beclamide,1,TRAIN
butikacin,0,TRAIN
lorpiprazole,1,TRAIN
uniisfj709wu1x,1,TRAIN
milipertine,1,TRAIN
schembl2624888,0,TRAIN
tg4155,1,TRAIN
mibefradil,0,TRAIN
atropineoxide,1,TRAIN
schembl12000782,0,TRAIN
doxorubicin,1,TRAIN
etisulergine,1,TRAIN
flucindol,1,TRAIN
indolapril,0,TRAIN
fexofenadine,0,TRAIN
zinc1150,1,TRAIN
pentapiperium,0,TRAIN
ilepcimide,1,TRAIN
schlorphenesin,1,TRAIN
pyrimethamine,1,TRAIN
chembl1095819,1,TRAIN
nanslatanoprost,0,TRAIN
vildagliptin,0,TRAIN
cetotiamine,1,TRAIN
elfazepam,1,TRAIN
temocillin,0,TRAIN
halocortolone,1,TRAIN
sphenglutarimide,1,TRAIN
acaprazine,1,TRAIN
zinc5354935,1,TRAIN
betacyclazocine,1,TRAIN
zinc31477134,1,TRAIN
ethanol,1,TRAIN
nandrolone,0,TRAIN
zinc11592802,1,TRAIN
carbamylcholine,0,TRAIN
tiflucarbine,1,TRAIN
oxazolam,1,TRAIN
zinc3831179,1,TRAIN
uniit8y60nc0y2,1,TRAIN
morphine6glucuronide,0,TRAIN
fenethylline,1,TRAIN
loracarbef,0,TRAIN
y22,0,TRAIN
swarfarin,0,TRAIN
chembl71313,0,TRAIN
recinnamine,0,TRAIN
sodiumamidotrizoate,0,TRAIN
bekanamycin,0,TRAIN
choline,1,TRAIN
procaine,1,TRAIN
zinc469839159,1,TRAIN
quinidine,1,TRAIN
smethocarbamol,1,TRAIN
ritanserin,1,TRAIN
piperacetazine,1,TRAIN
carbamazepineepoxide,1,TRAIN
ctk8a5118,0,TRAIN
isoflupredoneacetate,1,TRAIN
amfetaminil,1,TRAIN
gemcitabine,0,TRAIN
cp25,1,TRAIN
nefazodone,1,TRAIN
prednisolonehemisuccinate,1,TRAIN
diacetylmorphine,1,TRAIN
zinc31623378,1,TRAIN
schembl6958891,1,TRAIN
flupirtine,1,TRAIN
zinc256169910,1,TRAIN
tomoxetine,1,TRAIN
snoradrenaline,0,TRAIN
harmalol,1,TRAIN
leurubicin,0,TRAIN
buramate,1,TRAIN
deferoxamine,0,TRAIN
rceliprolol,0,TRAIN
oxybutynin,0,TRAIN
cefazaflur,0,TRAIN
chembl244000,1,TRAIN
dibekacin,0,TRAIN
etozoline,0,TRAIN
azabon,1,TRAIN
zinc1999272,1,TRAIN
fomepizole,0,TRAIN
metixene,1,TRAIN
cefcanel,0,TRAIN
zinc4626658,1,TRAIN
lintrain55,1,TRAIN
talnetant,1,TRAIN
inostral,0,TRAIN
lodoxamide,0,TRAIN
nanchloro22difluoroethylene,1,TRAIN
ramciclane,1,TRAIN
methimazole,0,TRAIN
etoricoxib,0,TRAIN
amlexanox,0,TRAIN
zinc100218256,1,TRAIN
dexpramipexole,1,TRAIN
schembl13016949,1,TRAIN
mitiglinide,0,TRAIN
pyritinol,1,TRAIN
schembl20808854,1,TRAIN
zinc575338663,0,TRAIN
robalzotan,1,TRAIN
butoconazole,0,TRAIN
mozavaptan,0,TRAIN
vinbarbital,1,TRAIN
nans9s10r17prop2enyl17azatetracyclo7530110027heptadeca2735trien4ol,1,TRAIN
sotalol,1,TRAIN
ncgc0001675801,1,TRAIN
cefroxadine,0,TRAIN
clopipazan,1,TRAIN
sch23390,1,TRAIN
butaperazine,1,TRAIN
butobarbitone,1,TRAIN
mxylene,1,TRAIN
acmc20dibf,0,TRAIN
uniiw133552kfe,1,TRAIN
ceftioxide,0,TRAIN
chembl255025,1,TRAIN
flunisolideacetate,1,TRAIN
alfadolone,1,TRAIN
chembl193400,1,TRAIN
ketoconazole,1,TRAIN
domperidone,1,TRAIN
prazocillin,0,TRAIN
benzydamine,1,TRAIN
isepamycin,0,TRAIN
oprea1628450,1,TRAIN
trovafloxacin,1,TRAIN
schembl4414781,1,TRAIN
lopacb019,0,TRAIN
unii52o0w2o5se,1,TRAIN
ks00001f6r,0,TRAIN
urea,1,TRAIN
atomoxetine,1,TRAIN
aceglutamide,1,TRAIN
lactulose,0,TRAIN
vesnarinone,0,TRAIN
rifampicin,0,TRAIN
rifampin,0,TRAIN
iloperidone,1,TRAIN
nanchloro51s1hydroxy3oxo2hisoindol1ylbenzenesulfonamide,1,TRAIN
ifoxetine,1,TRAIN
zinc1846165,1,TRAIN
quinethazone,0,TRAIN
suplatast,0,TRAIN
chembl71421,0,TRAIN
digitoxin,0,TRAIN
schembl680675,1,TRAIN
trioxsalen,0,TRAIN
nanmethylpropanol,1,TRAIN
detomidine,1,TRAIN
marimastat,0,TRAIN
nanmethylclonazepam,1,TRAIN
midazolam,1,TRAIN
fluotracene,1,TRAIN
schembl147813,1,TRAIN
beclomethasonedipropionatebeclometasonedipropionate,1,TRAIN
clobazam,1,TRAIN
brl53087,1,TRAIN
nanrnethyl23trifluoromethylphenylpropan1amine,1,TRAIN
butamoxane,1,TRAIN
amezinium,1,TRAIN
slorazepam,1,TRAIN
methapyrilene,1,TRAIN
tamibarotene,0,TRAIN
nhexane,1,TRAIN
tertbutylchlorambucil,1,TRAIN
fernisone,1,TRAIN
xylose,0,TRAIN
doxapram,1,TRAIN
acebrochol,1,TRAIN
thebaine,1,TRAIN
phencyclidine,1,TRAIN
schembl18285121,0,TRAIN
cefuroximepivoxetil,0,TRAIN
naratriptan,1,TRAIN
nanrn26dichlorophenyl25dihydro1himidazol2amine,1,TRAIN
snisoldipine,1,TRAIN
chembl385336,1,TRAIN
donepezil,1,TRAIN
compound4h,1,TRAIN
dapiprazole,0,TRAIN
prednisolut,1,TRAIN
fenaperone,1,TRAIN
iohexol,0,TRAIN
cimepanol,1,TRAIN
pentolinium,0,TRAIN
etodroxizine,1,TRAIN
methopromazine,1,TRAIN
perafensine,1,TRAIN
tandospirone,1,TRAIN
etiracetam,1,TRAIN
zinc2019917,1,TRAIN
tz19,1,TRAIN
oxiconazole,0,TRAIN
cephalotin,0,TRAIN
zinc4213170,1,TRAIN
streptomycin,0,TRAIN
zinc169341273,1,TRAIN
nans2aminomethylnndiethyl1phenylcyclopropane1carboxamide,1,TRAIN
encyprate,1,TRAIN
dtpabma,0,TRAIN
bemegride,1,TRAIN
rilpivirine,0,TRAIN
carubicin,0,TRAIN
apalcillin,0,TRAIN
acetyloxyvalepotriate,1,TRAIN
paclitaxel,1,TRAIN
n33cyano12dihydropyrazolo15apyrimidin7ylphenylnethylacetamide,1,TRAIN
hydroxyzine,1,TRAIN
dexindoprofen,1,TRAIN
mecamylamine,0,TRAIN
tixadil,1,TRAIN
chembl71375,1,TRAIN
mepyramine,1,TRAIN
zinc33985952,1,TRAIN
pirbuterol,0,TRAIN
dicloxacillin,0,TRAIN
dexpanthenol,0,TRAIN
pyrovalerone,1,TRAIN
chembl390020,1,TRAIN
capecitabine,1,TRAIN
spironolactone,0,TRAIN
sudoxicam,1,TRAIN
embutramide,1,TRAIN
cidofovir,0,TRAIN
pentabamate,1,TRAIN
clofarabine,0,TRAIN
oxcarbazepine,1,TRAIN
cetofenicol,1,TRAIN
loperamide1,1,TRAIN
paramethasoneacetate,1,TRAIN
zinc5161502,0,TRAIN
cefdaloxime,0,TRAIN
guanethidinesulfate,0,TRAIN
doxercalciferol,0,TRAIN
zoniclezole,1,TRAIN
zinc2041240,1,TRAIN
phenylsalicylate,1,TRAIN
nand,1,TRAIN
tuclazepam,1,TRAIN
zaltidine,1,TRAIN
sucralfate,0,TRAIN
mls002702124,1,TRAIN
uniiu5xbm7n6a3,1,TRAIN
ralonimid,1,TRAIN
unii6v73e494fl,1,TRAIN
pentamorphone,1,TRAIN
colestipol,0,TRAIN
ici199441,1,TRAIN
chembl1622721,0,TRAIN
ft0669272,1,TRAIN
pf4447943,1,TRAIN
schembl11033793,0,TRAIN
terfenadine,0,TRAIN
citatepine,1,TRAIN
zinc40135788,1,TRAIN
schembl5010920,1,TRAIN
chembl6750,0,TRAIN
sethotoin,1,TRAIN
sedecamycin,0,TRAIN
unii99h2e0y9oa,1,TRAIN
spiradoline,1,TRAIN
nans5oxon1s2s2phenylcyclopropylpyrrolidine2carboxamide,1,TRAIN
nandecene,1,TRAIN
hydromorphone,1,TRAIN
chebi38562,0,TRAIN
mepenzolatebromide,0,TRAIN
ly2066948,1,TRAIN
acetazolamide,1,TRAIN
homochlorcyclizine,1,TRAIN
tolazamide,0,TRAIN
zinc11616335,0,TRAIN
faropenem,0,TRAIN
gevotroline,1,TRAIN
cube6,0,TRAIN
denzimol,1,TRAIN
tubocurarine,0,TRAIN
zinc136443,1,TRAIN
equilin,0,TRAIN
etymemazine,1,TRAIN
picenadol,1,TRAIN
chembl1935441,1,TRAIN
tonazocine,1,TRAIN
cloxazolam,1,TRAIN
ctk7f4431,1,TRAIN
dydrogesterone,0,TRAIN
bdbm50446085,1,TRAIN
chembl136942,1,TRAIN
methylchloroform,1,TRAIN
bqc3mqi0hr,1,TRAIN
zinc5141713,1,TRAIN
topotecan,1,TRAIN
carisoprodol,1,TRAIN
desmopressin,0,TRAIN
alphamethadol,1,TRAIN
schembl8478823,0,TRAIN
methylpentynol,1,TRAIN
vilazodone,1,TRAIN
